sample	sample_id	fq1	fq2	plate_id	plate_type	well	passage_day	incubation_type	passage_dilution	starting_concentration	community_cfu_per_ml	community_od600	dna_ng_per_ul	library_ng_per_ul
SCP_NSI_01_A01	SCP_NSI.01.A01	509_SCP_NSI_01_A01_10488880_253GGLLT4_L1_R1.fastq.gz	509_SCP_NSI_01_A01_10488880_253GGLLT4_L1_R2.fastq.gz	SCP_NSI.01	SCP_NSI	A01	0	Non-Shaking	1/10	10000000	399999999.999999	0.3854125133958333	7.18	2.96
SCP_NSI_01_A02	SCP_NSI.01.A02	510_SCP_NSI_01_A02_10488880_253GGLLT4_L1_R1.fastq.gz	510_SCP_NSI_01_A02_10488880_253GGLLT4_L1_R2.fastq.gz	SCP_NSI.01	SCP_NSI	A02	0	Non-Shaking	1/10	10000000	399999999.999999	0.37901249439583334	13.38	7.71
SCP_NSI_01_A03	SCP_NSI.01.A03	511_SCP_NSI_01_A03_10488880_253GGLLT4_L1_R1.fastq.gz	511_SCP_NSI_01_A03_10488880_253GGLLT4_L1_R2.fastq.gz	SCP_NSI.01	SCP_NSI	A03	0	Non-Shaking	1/10	10000000	449999999.999999	0.37171250539583334	7.68	6.62
SCP_NSI_01_A04	SCP_NSI.01.A04	512_SCP_NSI_01_A04_10488880_253GGLLT4_L1_R1.fastq.gz	512_SCP_NSI_01_A04_10488880_253GGLLT4_L1_R2.fastq.gz	SCP_NSI.01	SCP_NSI	A04	0	Non-Shaking	1/10	10000000	550000000	0.36991250439583334	3.84	5.86
SCP_NSI_01_A09	SCP_NSI.01.A09	513_SCP_NSI_01_A09_10488880_253GGLLT4_L1_R1.fastq.gz	513_SCP_NSI_01_A09_10488880_253GGLLT4_L1_R2.fastq.gz	SCP_NSI.01	SCP_NSI	A09	0	Non-Shaking	1/10	100000	749999999.999999	0.5321124783958333	14.81	15.73
SCP_NSI_01_A10	SCP_NSI.01.A10	514_SCP_NSI_01_A10_10488880_253GGLLT4_L1_R1.fastq.gz	514_SCP_NSI_01_A10_10488880_253GGLLT4_L1_R2.fastq.gz	SCP_NSI.01	SCP_NSI	A10	0	Non-Shaking	1/10	100000	600000000	0.5549125073958333	17.1	2.18
SCP_NSI_01_A11	SCP_NSI.01.A11	515_SCP_NSI_01_A11_10488880_253GGLLT4_L1_R1.fastq.gz	515_SCP_NSI_01_A11_10488880_253GGLLT4_L1_R2.fastq.gz	SCP_NSI.01	SCP_NSI	A11	0	Non-Shaking	1/10	100000	449999999.999999	0.5378124713958333	11.9	5.07
SCP_NSI_01_A12	SCP_NSI.01.A12	516_SCP_NSI_01_A12_10488880_253GGLLT4_L1_R1.fastq.gz	516_SCP_NSI_01_A12_10488880_253GGLLT4_L1_R2.fastq.gz	SCP_NSI.01	SCP_NSI	A12	0	Non-Shaking	1/10	100000	700000000	0.5640125273958333	13.3	8.18
SCP_NSI_01_B05	SCP_NSI.01.B05	517_SCP_NSI_01_B05_10488880_253GGLLT4_L1_R1.fastq.gz	517_SCP_NSI_01_B05_10488880_253GGLLT4_L1_R2.fastq.gz	SCP_NSI.01	SCP_NSI	B05	0	Non-Shaking	1/10	1000000	749999999.999999	0.48661249839583337	10.53	7.87
SCP_NSI_01_B06	SCP_NSI.01.B06	518_SCP_NSI_01_B06_10488880_253GGLLT4_L1_R1.fastq.gz	518_SCP_NSI_01_B06_10488880_253GGLLT4_L1_R2.fastq.gz	SCP_NSI.01	SCP_NSI	B06	0	Non-Shaking	1/10	1000000	749999999.999999	0.48701250539583335	4.89	6.55
SCP_NSI_01_B07	SCP_NSI.01.B07	519_SCP_NSI_01_B07_10488880_253GGLLT4_L1_R1.fastq.gz	519_SCP_NSI_01_B07_10488880_253GGLLT4_L1_R2.fastq.gz	SCP_NSI.01	SCP_NSI	B07	0	Non-Shaking	1/10	1000000	1049999999.99999	0.49471247139583335	6.92	8.08
SCP_NSI_01_B08	SCP_NSI.01.B08	520_SCP_NSI_01_B08_10488880_253GGLLT4_L1_R1.fastq.gz	520_SCP_NSI_01_B08_10488880_253GGLLT4_L1_R2.fastq.gz	SCP_NSI.01	SCP_NSI	B08	0	Non-Shaking	1/10	1000000	300000000	0.49511247839583333	18.82	7.75
SCP_NSI_01_C01	SCP_NSI.01.C01	521_SCP_NSI_01_C01_10488880_253GGLLT4_L1_R1.fastq.gz	521_SCP_NSI_01_C01_10488880_253GGLLT4_L1_R2.fastq.gz	SCP_NSI.01	SCP_NSI	C01	0	Non-Shaking	1/20	10000000	749999999.999999	0.3733125023958333	7.56	1.82
SCP_NSI_01_C02	SCP_NSI.01.C02	522_SCP_NSI_01_C02_10488880_253GGLLT4_L1_R1.fastq.gz	522_SCP_NSI_01_C02_10488880_253GGLLT4_L1_R2.fastq.gz	SCP_NSI.01	SCP_NSI	C02	0	Non-Shaking	1/20	10000000	849999999.999999	0.3693124943958333	6.32	5.87
SCP_NSI_01_C03	SCP_NSI.01.C03	523_SCP_NSI_01_C03_10488880_253GGLLT4_L1_R1.fastq.gz	523_SCP_NSI_01_C03_10488880_253GGLLT4_L1_R2.fastq.gz	SCP_NSI.01	SCP_NSI	C03	0	Non-Shaking	1/20	10000000	799999999.999999	0.3542124923958333	6.39	8.04
SCP_NSI_01_C04	SCP_NSI.01.C04	524_SCP_NSI_01_C04_10488880_253GGLLT4_L1_R1.fastq.gz	524_SCP_NSI_01_C04_10488880_253GGLLT4_L1_R2.fastq.gz	SCP_NSI.01	SCP_NSI	C04	0	Non-Shaking	1/20	10000000	350000000	0.3544124953958333	5.11	6.69
SCP_NSI_01_C09	SCP_NSI.01.C09	525_SCP_NSI_01_C09_10488880_253GGLLT4_L1_R1.fastq.gz	525_SCP_NSI_01_C09_10488880_253GGLLT4_L1_R2.fastq.gz	SCP_NSI.01	SCP_NSI	C09	0	Non-Shaking	1/20	100000	550000000	0.5203124873958332	9.48	7.74
SCP_NSI_01_C10	SCP_NSI.01.C10	526_SCP_NSI_01_C10_10488880_253GGLLT4_L1_R1.fastq.gz	526_SCP_NSI_01_C10_10488880_253GGLLT4_L1_R2.fastq.gz	SCP_NSI.01	SCP_NSI	C10	0	Non-Shaking	1/20	100000	550000000	0.5287125103958332	12.63	3.84
SCP_NSI_01_C11	SCP_NSI.01.C11	527_SCP_NSI_01_C11_10488880_253GGLLT4_L1_R1.fastq.gz	527_SCP_NSI_01_C11_10488880_253GGLLT4_L1_R2.fastq.gz	SCP_NSI.01	SCP_NSI	C11	0	Non-Shaking	1/20	100000	399999999.999999	0.5372124903958333	16.98	4.09
SCP_NSI_01_C12	SCP_NSI.01.C12	528_SCP_NSI_01_C12_10488880_253GGLLT4_L1_R1.fastq.gz	528_SCP_NSI_01_C12_10488880_253GGLLT4_L1_R2.fastq.gz	SCP_NSI.01	SCP_NSI	C12	0	Non-Shaking	1/20	100000	449999999.999999	0.5333124993958333	19.02	4.84
SCP_NSI_01_D05	SCP_NSI.01.D05	529_SCP_NSI_01_D05_10488880_253GGLLT4_L1_R1.fastq.gz	529_SCP_NSI_01_D05_10488880_253GGLLT4_L1_R2.fastq.gz	SCP_NSI.01	SCP_NSI	D05	0	Non-Shaking	1/20	1000000	799999999.999999	0.49761247539583336	11.54	8.52
SCP_NSI_01_D06	SCP_NSI.01.D06	530_SCP_NSI_01_D06_10488880_253GGLLT4_L1_R1.fastq.gz	530_SCP_NSI_01_D06_10488880_253GGLLT4_L1_R2.fastq.gz	SCP_NSI.01	SCP_NSI	D06	0	Non-Shaking	1/20	1000000	300000000	0.49901252939583335	10.87	7.94
SCP_NSI_01_D07	SCP_NSI.01.D07	531_SCP_NSI_01_D07_10488880_253GGLLT4_L1_R1.fastq.gz	531_SCP_NSI_01_D07_10488880_253GGLLT4_L1_R2.fastq.gz	SCP_NSI.01	SCP_NSI	D07	0	Non-Shaking	1/20	1000000	600000000	0.49141252039583333	19.05	6.08
SCP_NSI_01_D08	SCP_NSI.01.D08	532_SCP_NSI_01_D08_10488880_253GGLLT4_L1_R1.fastq.gz	532_SCP_NSI_01_D08_10488880_253GGLLT4_L1_R2.fastq.gz	SCP_NSI.01	SCP_NSI	D08	0	Non-Shaking	1/20	1000000	499999999.999999	0.48661249839583337	8.26	7.03
SCP_NSI_01_E01	SCP_NSI.01.E01	533_SCP_NSI_01_E01_10488880_253GGLLT4_L1_R1.fastq.gz	533_SCP_NSI_01_E01_10488880_253GGLLT4_L1_R2.fastq.gz	SCP_NSI.01	SCP_NSI	E01	0	Non-Shaking	1/50	10000000	550000000	0.3571124963958333	5.31	1.82
SCP_NSI_01_E02	SCP_NSI.01.E02	534_SCP_NSI_01_E02_10488880_253GGLLT4_L1_R1.fastq.gz	534_SCP_NSI_01_E02_10488880_253GGLLT4_L1_R2.fastq.gz	SCP_NSI.01	SCP_NSI	E02	0	Non-Shaking	1/50	10000000	350000000	0.34971249039583335	5.16	4.88
SCP_NSI_01_E03	SCP_NSI.01.E03	535_SCP_NSI_01_E03_10488880_253GGLLT4_L1_R1.fastq.gz	535_SCP_NSI_01_E03_10488880_253GGLLT4_L1_R2.fastq.gz	SCP_NSI.01	SCP_NSI	E03	0	Non-Shaking	1/50	10000000	300000000	0.35391250239583333	6.3	4.3
SCP_NSI_01_E04	SCP_NSI.01.E04	536_SCP_NSI_01_E04_10488880_253GGLLT4_L1_R1.fastq.gz	536_SCP_NSI_01_E04_10488880_253GGLLT4_L1_R2.fastq.gz	SCP_NSI.01	SCP_NSI	E04	0	Non-Shaking	1/50	10000000	650000000	0.3598124973958333	4.56	6.81
SCP_NSI_01_E09	SCP_NSI.01.E09	537_SCP_NSI_01_E09_10488880_253GGLLT4_L1_R1.fastq.gz	537_SCP_NSI_01_E09_10488880_253GGLLT4_L1_R2.fastq.gz	SCP_NSI.01	SCP_NSI	E09	0	Non-Shaking	1/50	100000	650000000	0.5198125233958333	9.62	6.86
SCP_NSI_01_E10	SCP_NSI.01.E10	538_SCP_NSI_01_E10_10488880_253GGLLT4_L1_R1.fastq.gz	538_SCP_NSI_01_E10_10488880_253GGLLT4_L1_R2.fastq.gz	SCP_NSI.01	SCP_NSI	E10	0	Non-Shaking	1/50	100000	350000000	0.5120124813958332	9.41	3.99
SCP_NSI_01_E11	SCP_NSI.01.E11	539_SCP_NSI_01_E11_10488880_253GGLLT4_L1_R1.fastq.gz	539_SCP_NSI_01_E11_10488880_253GGLLT4_L1_R2.fastq.gz	SCP_NSI.01	SCP_NSI	E11	0	Non-Shaking	1/50	100000	650000000	0.5143125053958333	18.4	5.29
SCP_NSI_01_E12	SCP_NSI.01.E12	540_SCP_NSI_01_E12_10488880_253GGLLT4_L1_R1.fastq.gz	540_SCP_NSI_01_E12_10488880_253GGLLT4_L1_R2.fastq.gz	SCP_NSI.01	SCP_NSI	E12	0	Non-Shaking	1/50	100000	499999999.999999	0.5270125263958333	14.37	7.42
SCP_NSI_01_F05	SCP_NSI.01.F05	541_SCP_NSI_01_F05_10488880_253GGLLT4_L1_R1.fastq.gz	541_SCP_NSI_01_F05_10488880_253GGLLT4_L1_R2.fastq.gz	SCP_NSI.01	SCP_NSI	F05	0	Non-Shaking	1/50	1000000	499999999.999999	0.5042124983958333	14	6.29
SCP_NSI_01_F06	SCP_NSI.01.F06	542_SCP_NSI_01_F06_10488880_253GGLLT4_L1_R1.fastq.gz	542_SCP_NSI_01_F06_10488880_253GGLLT4_L1_R2.fastq.gz	SCP_NSI.01	SCP_NSI	F06	0	Non-Shaking	1/50	1000000	499999999.999999	0.4945124983958333	3.22	5.6
SCP_NSI_01_F07	SCP_NSI.01.F07	543_SCP_NSI_01_F07_10488880_253GGLLT4_L1_R1.fastq.gz	543_SCP_NSI_01_F07_10488880_253GGLLT4_L1_R2.fastq.gz	SCP_NSI.01	SCP_NSI	F07	0	Non-Shaking	1/50	1000000	449999999.999999	0.5051125283958333	22.7	4.21
SCP_NSI_01_F08	SCP_NSI.01.F08	544_SCP_NSI_01_F08_10488880_253GGLLT4_L1_R1.fastq.gz	544_SCP_NSI_01_F08_10488880_253GGLLT4_L1_R2.fastq.gz	SCP_NSI.01	SCP_NSI	F08	0	Non-Shaking	1/50	1000000	700000000	0.5104125133958333	11.82	5.35
SCP_NSI_01_G01	SCP_NSI.01.G01	545_SCP_NSI_01_G01_10488880_253GGLLT4_L1_R1.fastq.gz	545_SCP_NSI_01_G01_10488880_253GGLLT4_L1_R2.fastq.gz	SCP_NSI.01	SCP_NSI	G01	0	Non-Shaking	1/100	10000000	449999999.999999	0.37501248639583334	7.34	3.72
SCP_NSI_01_G02	SCP_NSI.01.G02	546_SCP_NSI_01_G02_10488880_253GGLLT4_L1_R1.fastq.gz	546_SCP_NSI_01_G02_10488880_253GGLLT4_L1_R2.fastq.gz	SCP_NSI.01	SCP_NSI	G02	0	Non-Shaking	1/100	10000000	449999999.999999	0.35971251039583335	4.59	4.15
SCP_NSI_01_G03	SCP_NSI.01.G03	547_SCP_NSI_01_G03_10488880_253GGLLT4_L1_R1.fastq.gz	547_SCP_NSI_01_G03_10488880_253GGLLT4_L1_R2.fastq.gz	SCP_NSI.01	SCP_NSI	G03	0	Non-Shaking	1/100	10000000	650000000	0.35671248939583333	5.35	5.9
SCP_NSI_01_G04	SCP_NSI.01.G04	548_SCP_NSI_01_G04_10488880_253GGLLT4_L1_R1.fastq.gz	548_SCP_NSI_01_G04_10488880_253GGLLT4_L1_R2.fastq.gz	SCP_NSI.01	SCP_NSI	G04	0	Non-Shaking	1/100	10000000	550000000	0.35631251239583334	4.57	3.45
SCP_NSI_01_G09	SCP_NSI.01.G09	549_SCP_NSI_01_G09_10488880_253GGLLT4_L1_R1.fastq.gz	549_SCP_NSI_01_G09_10488880_253GGLLT4_L1_R2.fastq.gz	SCP_NSI.01	SCP_NSI	G09	0	Non-Shaking	1/100	100000	449999999.999999	0.5352125163958332	9.84	5.75
SCP_NSI_01_G10	SCP_NSI.01.G10	550_SCP_NSI_01_G10_10488880_253GGLLT4_L1_R1.fastq.gz	550_SCP_NSI_01_G10_10488880_253GGLLT4_L1_R2.fastq.gz	SCP_NSI.01	SCP_NSI	G10	0	Non-Shaking	1/100	100000	700000000	0.5352125163958332	13.29	3.38
SCP_NSI_01_G11	SCP_NSI.01.G11	551_SCP_NSI_01_G11_10488880_253GGLLT4_L1_R1.fastq.gz	551_SCP_NSI_01_G11_10488880_253GGLLT4_L1_R2.fastq.gz	SCP_NSI.01	SCP_NSI	G11	0	Non-Shaking	1/100	100000	449999999.999999	0.5323125123958332	4.47	4.45
SCP_NSI_01_G12	SCP_NSI.01.G12	552_SCP_NSI_01_G12_10488880_253GGLLT4_L1_R1.fastq.gz	552_SCP_NSI_01_G12_10488880_253GGLLT4_L1_R2.fastq.gz	SCP_NSI.01	SCP_NSI	G12	0	Non-Shaking	1/100	100000	650000000	0.5367125263958332	10.31	4.15
SCP_NSI_01_H05	SCP_NSI.01.H05	553_SCP_NSI_01_H05_10488880_253GGLLT4_L1_R1.fastq.gz	553_SCP_NSI_01_H05_10488880_253GGLLT4_L1_R2.fastq.gz	SCP_NSI.01	SCP_NSI	H05	0	Non-Shaking	1/100	1000000	399999999.999999	0.5138124813958332	9.59	5.88
SCP_NSI_01_H06	SCP_NSI.01.H06	554_SCP_NSI_01_H06_10488880_253GGLLT4_L1_R1.fastq.gz	554_SCP_NSI_01_H06_10488880_253GGLLT4_L1_R2.fastq.gz	SCP_NSI.01	SCP_NSI	H06	0	Non-Shaking	1/100	1000000	550000000	0.5121124973958333	9.83	4.77
SCP_NSI_01_H07	SCP_NSI.01.H07	555_SCP_NSI_01_H07_10488880_253GGLLT4_L1_R1.fastq.gz	555_SCP_NSI_01_H07_10488880_253GGLLT4_L1_R2.fastq.gz	SCP_NSI.01	SCP_NSI	H07	0	Non-Shaking	1/100	1000000	600000000	0.5152124753958333	14.42	3.19
SCP_NSI_01_H08	SCP_NSI.01.H08	556_SCP_NSI_01_H08_10488880_253GGLLT4_L1_R1.fastq.gz	556_SCP_NSI_01_H08_10488880_253GGLLT4_L1_R2.fastq.gz	SCP_NSI.01	SCP_NSI	H08	0	Non-Shaking	1/100	1000000	700000000	0.5142124883958332	5.46	3.8
SCP_NSI_02_A01	SCP_NSI.02.A01	605_SCP_NSI_02_A01_10488880_253GGLLT4_L1_R1.fastq.gz	605_SCP_NSI_02_A01_10488880_253GGLLT4_L1_R2.fastq.gz	SCP_NSI.02	SCP_NSI	A01	1	Non-Shaking	1/10	10000000	0	0.40574375283333336	9.96	3.46
SCP_NSI_02_A02	SCP_NSI.02.A02	606_SCP_NSI_02_A02_10488880_253GGLLT4_L1_R1.fastq.gz	606_SCP_NSI_02_A02_10488880_253GGLLT4_L1_R2.fastq.gz	SCP_NSI.02	SCP_NSI	A02	1	Non-Shaking	1/10	10000000	0	0.42614373983333337	9.38	7.23
SCP_NSI_02_A03	SCP_NSI.02.A03	607_SCP_NSI_02_A03_10488880_253GGLLT4_L1_R1.fastq.gz	607_SCP_NSI_02_A03_10488880_253GGLLT4_L1_R2.fastq.gz	SCP_NSI.02	SCP_NSI	A03	1	Non-Shaking	1/10	10000000	0	0.40914372083333334	24.01	6.49
SCP_NSI_02_A04	SCP_NSI.02.A04	608_SCP_NSI_02_A04_10488880_253GGLLT4_L1_R1.fastq.gz	608_SCP_NSI_02_A04_10488880_253GGLLT4_L1_R2.fastq.gz	SCP_NSI.02	SCP_NSI	A04	1	Non-Shaking	1/10	10000000	0	0.4158437598333334	8.06	6.22
SCP_NSI_02_A09	SCP_NSI.02.A09	609_SCP_NSI_02_A09_10488880_253GGLLT4_L1_R1.fastq.gz	609_SCP_NSI_02_A09_10488880_253GGLLT4_L1_R2.fastq.gz	SCP_NSI.02	SCP_NSI	A09	1	Non-Shaking	1/10	100000	0	0.33524373583333333	16.46	9.2
SCP_NSI_02_A10	SCP_NSI.02.A10	610_SCP_NSI_02_A10_10488880_253GGLLT4_L1_R1.fastq.gz	610_SCP_NSI_02_A10_10488880_253GGLLT4_L1_R2.fastq.gz	SCP_NSI.02	SCP_NSI	A10	1	Non-Shaking	1/10	100000	0	0.35444376283333334	6.41	4.63
SCP_NSI_02_A11	SCP_NSI.02.A11	611_SCP_NSI_02_A11_10488880_253GGLLT4_L1_R1.fastq.gz	611_SCP_NSI_02_A11_10488880_253GGLLT4_L1_R2.fastq.gz	SCP_NSI.02	SCP_NSI	A11	1	Non-Shaking	1/10	100000	0	0.3426437428333334	5.23	3.15
SCP_NSI_02_A12	SCP_NSI.02.A12	612_SCP_NSI_02_A12_10488880_253GGLLT4_L1_R1.fastq.gz	612_SCP_NSI_02_A12_10488880_253GGLLT4_L1_R2.fastq.gz	SCP_NSI.02	SCP_NSI	A12	1	Non-Shaking	1/10	100000	0	0.34154373883333333	18.99	6.2
SCP_NSI_02_B05	SCP_NSI.02.B05	613_SCP_NSI_02_B05_10488880_253GGLLT4_L1_R1.fastq.gz	613_SCP_NSI_02_B05_10488880_253GGLLT4_L1_R2.fastq.gz	SCP_NSI.02	SCP_NSI	B05	1	Non-Shaking	1/10	1000000	0	0.36164373583333337	12.75	0.69
SCP_NSI_02_B06	SCP_NSI.02.B06	614_SCP_NSI_02_B06_10488880_253GGLLT4_L1_R1.fastq.gz	614_SCP_NSI_02_B06_10488880_253GGLLT4_L1_R2.fastq.gz	SCP_NSI.02	SCP_NSI	B06	1	Non-Shaking	1/10	1000000	0	0.34954375483333333	14.94	2.19
SCP_NSI_02_B07	SCP_NSI.02.B07	615_SCP_NSI_02_B07_10488880_253GGLLT4_L1_R1.fastq.gz	615_SCP_NSI_02_B07_10488880_253GGLLT4_L1_R2.fastq.gz	SCP_NSI.02	SCP_NSI	B07	1	Non-Shaking	1/10	1000000	0	0.34894374483333335	24.3	1.02
SCP_NSI_02_B08	SCP_NSI.02.B08	616_SCP_NSI_02_B08_10488880_253GGLLT4_L1_R1.fastq.gz	616_SCP_NSI_02_B08_10488880_253GGLLT4_L1_R2.fastq.gz	SCP_NSI.02	SCP_NSI	B08	1	Non-Shaking	1/10	1000000	0	0.36494374683333336	6.68	7.5
SCP_NSI_02_C01	SCP_NSI.02.C01	617_SCP_NSI_02_C01_10488880_253GGLLT4_L1_R1.fastq.gz	617_SCP_NSI_02_C01_10488880_253GGLLT4_L1_R2.fastq.gz	SCP_NSI.02	SCP_NSI	C01	1	Non-Shaking	1/20	10000000	0	0.43044373883333337	7.91	2.4
SCP_NSI_02_C02	SCP_NSI.02.C02	618_SCP_NSI_02_C02_10488880_253GGLLT4_L1_R1.fastq.gz	618_SCP_NSI_02_C02_10488880_253GGLLT4_L1_R2.fastq.gz	SCP_NSI.02	SCP_NSI	C02	1	Non-Shaking	1/20	10000000	0	0.4124437318333333	9.93	6.17
SCP_NSI_02_C03	SCP_NSI.02.C03	619_SCP_NSI_02_C03_10488880_253GGLLT4_L1_R1.fastq.gz	619_SCP_NSI_02_C03_10488880_253GGLLT4_L1_R2.fastq.gz	SCP_NSI.02	SCP_NSI	C03	1	Non-Shaking	1/20	10000000	0	0.4217437248333334	6.03	7.08
SCP_NSI_02_C04	SCP_NSI.02.C04	620_SCP_NSI_02_C04_10488880_253GGLLT4_L1_R1.fastq.gz	620_SCP_NSI_02_C04_10488880_253GGLLT4_L1_R2.fastq.gz	SCP_NSI.02	SCP_NSI	C04	1	Non-Shaking	1/20	10000000	0	0.4237437588333333	5.43	4.89
SCP_NSI_02_C09	SCP_NSI.02.C09	621_SCP_NSI_02_C09_10488880_253GGLLT4_L1_R1.fastq.gz	621_SCP_NSI_02_C09_10488880_253GGLLT4_L1_R2.fastq.gz	SCP_NSI.02	SCP_NSI	C09	1	Non-Shaking	1/20	100000	0	0.37114376283333333	20.22	8.47
SCP_NSI_02_C10	SCP_NSI.02.C10	622_SCP_NSI_02_C10_10488880_253GGLLT4_L1_R1.fastq.gz	622_SCP_NSI_02_C10_10488880_253GGLLT4_L1_R2.fastq.gz	SCP_NSI.02	SCP_NSI	C10	1	Non-Shaking	1/20	100000	0	0.36744374483333336	5.48	3.46
SCP_NSI_02_C11	SCP_NSI.02.C11	623_SCP_NSI_02_C11_10488880_253GGLLT4_L1_R1.fastq.gz	623_SCP_NSI_02_C11_10488880_253GGLLT4_L1_R2.fastq.gz	SCP_NSI.02	SCP_NSI	C11	1	Non-Shaking	1/20	100000	0	0.38444376483333337	7.21	5.61
SCP_NSI_02_C12	SCP_NSI.02.C12	624_SCP_NSI_02_C12_10488880_253GGLLT4_L1_R1.fastq.gz	624_SCP_NSI_02_C12_10488880_253GGLLT4_L1_R2.fastq.gz	SCP_NSI.02	SCP_NSI	C12	1	Non-Shaking	1/20	100000	0	0.38554373883333337	14.46	5.42
SCP_NSI_02_D05	SCP_NSI.02.D05	625_SCP_NSI_02_D05_10488880_253GGLLT4_L1_R1.fastq.gz	625_SCP_NSI_02_D05_10488880_253GGLLT4_L1_R2.fastq.gz	SCP_NSI.02	SCP_NSI	D05	1	Non-Shaking	1/20	1000000	0	0.36984375583333334	12.14	7.51
SCP_NSI_02_D06	SCP_NSI.02.D06	626_SCP_NSI_02_D06_10488880_253GGLLT4_L1_R1.fastq.gz	626_SCP_NSI_02_D06_10488880_253GGLLT4_L1_R2.fastq.gz	SCP_NSI.02	SCP_NSI	D06	1	Non-Shaking	1/20	1000000	0	0.37184375983333334	10.92	5.91
SCP_NSI_02_D07	SCP_NSI.02.D07	627_SCP_NSI_02_D07_10488880_253GGLLT4_L1_R1.fastq.gz	627_SCP_NSI_02_D07_10488880_253GGLLT4_L1_R2.fastq.gz	SCP_NSI.02	SCP_NSI	D07	1	Non-Shaking	1/20	1000000	0	0.37404373783333333	28.21	6.27
SCP_NSI_02_D08	SCP_NSI.02.D08	628_SCP_NSI_02_D08_10488880_253GGLLT4_L1_R1.fastq.gz	628_SCP_NSI_02_D08_10488880_253GGLLT4_L1_R2.fastq.gz	SCP_NSI.02	SCP_NSI	D08	1	Non-Shaking	1/20	1000000	0	0.36674374783333336	7.76	3.83
SCP_NSI_02_E01	SCP_NSI.02.E01	629_SCP_NSI_02_E01_10488880_253GGLLT4_L1_R1.fastq.gz	629_SCP_NSI_02_E01_10488880_253GGLLT4_L1_R2.fastq.gz	SCP_NSI.02	SCP_NSI	E01	1	Non-Shaking	1/50	10000000	0	0.4709437238333333	20.33	5.8
SCP_NSI_02_E02	SCP_NSI.02.E02	630_SCP_NSI_02_E02_10488880_253GGLLT4_L1_R1.fastq.gz	630_SCP_NSI_02_E02_10488880_253GGLLT4_L1_R2.fastq.gz	SCP_NSI.02	SCP_NSI	E02	1	Non-Shaking	1/50	10000000	0	0.4619437208333334	5.26	2.79
SCP_NSI_02_E03	SCP_NSI.02.E03	631_SCP_NSI_02_E03_10488880_253GGLLT4_L1_R1.fastq.gz	631_SCP_NSI_02_E03_10488880_253GGLLT4_L1_R2.fastq.gz	SCP_NSI.02	SCP_NSI	E03	1	Non-Shaking	1/50	10000000	0	0.45374373083333336	22.79	7.64
SCP_NSI_02_E04	SCP_NSI.02.E04	632_SCP_NSI_02_E04_10488880_253GGLLT4_L1_R1.fastq.gz	632_SCP_NSI_02_E04_10488880_253GGLLT4_L1_R2.fastq.gz	SCP_NSI.02	SCP_NSI	E04	1	Non-Shaking	1/50	10000000	0	0.4613437398333334	5.71	5.21
SCP_NSI_02_E09	SCP_NSI.02.E09	633_SCP_NSI_02_E09_10488880_253GGLLT4_L1_R1.fastq.gz	633_SCP_NSI_02_E09_10488880_253GGLLT4_L1_R2.fastq.gz	SCP_NSI.02	SCP_NSI	E09	1	Non-Shaking	1/50	100000	0	0.3792437358333334	9.14	5.88
SCP_NSI_02_E10	SCP_NSI.02.E10	634_SCP_NSI_02_E10_10488880_253GGLLT4_L1_R1.fastq.gz	634_SCP_NSI_02_E10_10488880_253GGLLT4_L1_R2.fastq.gz	SCP_NSI.02	SCP_NSI	E10	1	Non-Shaking	1/50	100000	0	0.39924374683333336	8.25	1.68
SCP_NSI_02_E11	SCP_NSI.02.E11	635_SCP_NSI_02_E11_10488880_253GGLLT4_L1_R1.fastq.gz	635_SCP_NSI_02_E11_10488880_253GGLLT4_L1_R2.fastq.gz	SCP_NSI.02	SCP_NSI	E11	1	Non-Shaking	1/50	100000	0	0.40724376283333336	4.4	4.38
SCP_NSI_02_E12	SCP_NSI.02.E12	636_SCP_NSI_02_E12_10488880_253GGLLT4_L1_R1.fastq.gz	636_SCP_NSI_02_E12_10488880_253GGLLT4_L1_R2.fastq.gz	SCP_NSI.02	SCP_NSI	E12	1	Non-Shaking	1/50	100000	0	0.4040437688333333	12.73	5.6
SCP_NSI_02_F05	SCP_NSI.02.F05	637_SCP_NSI_02_F05_10488880_253GGLLT4_L1_R1.fastq.gz	637_SCP_NSI_02_F05_10488880_253GGLLT4_L1_R2.fastq.gz	SCP_NSI.02	SCP_NSI	F05	1	Non-Shaking	1/50	1000000	0	0.4035437448333334	8.02	5.52
SCP_NSI_02_F06	SCP_NSI.02.F06	638_SCP_NSI_02_F06_10488880_253GGLLT4_L1_R1.fastq.gz	638_SCP_NSI_02_F06_10488880_253GGLLT4_L1_R2.fastq.gz	SCP_NSI.02	SCP_NSI	F06	1	Non-Shaking	1/50	1000000	0	0.38814375283333336	12.24	7.41
SCP_NSI_02_F07	SCP_NSI.02.F07	639_SCP_NSI_02_F07_10488880_253GGLLT4_L1_R1.fastq.gz	639_SCP_NSI_02_F07_10488880_253GGLLT4_L1_R2.fastq.gz	SCP_NSI.02	SCP_NSI	F07	1	Non-Shaking	1/50	1000000	0	0.41164377783333334	14.08	6.44
SCP_NSI_02_F08	SCP_NSI.02.F08	640_SCP_NSI_02_F08_10488880_253GGLLT4_L1_R1.fastq.gz	640_SCP_NSI_02_F08_10488880_253GGLLT4_L1_R2.fastq.gz	SCP_NSI.02	SCP_NSI	F08	1	Non-Shaking	1/50	1000000	0	0.39534375483333334	10.87	4.61
SCP_NSI_02_G01	SCP_NSI.02.G01	641_SCP_NSI_02_G01_10488880_253GGLLT4_L1_R1.fastq.gz	641_SCP_NSI_02_G01_10488880_253GGLLT4_L1_R2.fastq.gz	SCP_NSI.02	SCP_NSI	G01	1	Non-Shaking	1/100	10000000	0	0.4739437448333334	12.89	5.49
SCP_NSI_02_G02	SCP_NSI.02.G02	642_SCP_NSI_02_G02_10488880_253GGLLT4_L1_R1.fastq.gz	642_SCP_NSI_02_G02_10488880_253GGLLT4_L1_R2.fastq.gz	SCP_NSI.02	SCP_NSI	G02	1	Non-Shaking	1/100	10000000	0	0.4546437608333333	21.37	4.43
SCP_NSI_02_G03	SCP_NSI.02.G03	643_SCP_NSI_02_G03_10488880_253GGLLT4_L1_R1.fastq.gz	643_SCP_NSI_02_G03_10488880_253GGLLT4_L1_R2.fastq.gz	SCP_NSI.02	SCP_NSI	G03	1	Non-Shaking	1/100	10000000	0	0.4660437448333334	21.78	5.51
SCP_NSI_02_G04	SCP_NSI.02.G04	644_SCP_NSI_02_G04_10488880_253GGLLT4_L1_R1.fastq.gz	644_SCP_NSI_02_G04_10488880_253GGLLT4_L1_R2.fastq.gz	SCP_NSI.02	SCP_NSI	G04	1	Non-Shaking	1/100	10000000	0	0.4613437398333334	7.79	6.38
SCP_NSI_02_G09	SCP_NSI.02.G09	645_SCP_NSI_02_G09_10488880_253GGLLT4_L1_R1.fastq.gz	645_SCP_NSI_02_G09_10488880_253GGLLT4_L1_R2.fastq.gz	SCP_NSI.02	SCP_NSI	G09	1	Non-Shaking	1/100	100000	0	0.40544376183333336	9.42	5.7
SCP_NSI_02_G10	SCP_NSI.02.G10	646_SCP_NSI_02_G10_10488880_253GGLLT4_L1_R1.fastq.gz	646_SCP_NSI_02_G10_10488880_253GGLLT4_L1_R2.fastq.gz	SCP_NSI.02	SCP_NSI	G10	1	Non-Shaking	1/100	100000	0	0.4151437628333334	10.88	2.38
SCP_NSI_02_G11	SCP_NSI.02.G11	647_SCP_NSI_02_G11_10488880_253GGLLT4_L1_R1.fastq.gz	647_SCP_NSI_02_G11_10488880_253GGLLT4_L1_R2.fastq.gz	SCP_NSI.02	SCP_NSI	G11	1	Non-Shaking	1/100	100000	0	0.42764375083333334	7.07	4.35
SCP_NSI_02_G12	SCP_NSI.02.G12	648_SCP_NSI_02_G12_10488880_253GGLLT4_L1_R1.fastq.gz	648_SCP_NSI_02_G12_10488880_253GGLLT4_L1_R2.fastq.gz	SCP_NSI.02	SCP_NSI	G12	1	Non-Shaking	1/100	100000	0	0.43564376683333333	7.34	3.13
SCP_NSI_02_H05	SCP_NSI.02.H05	649_SCP_NSI_02_H05_10488880_253GGLLT4_L1_R1.fastq.gz	649_SCP_NSI_02_H05_10488880_253GGLLT4_L1_R2.fastq.gz	SCP_NSI.02	SCP_NSI	H05	1	Non-Shaking	1/100	1000000	0	0.4136437518333333	7.32	5.95
SCP_NSI_02_H06	SCP_NSI.02.H06	650_SCP_NSI_02_H06_10488880_253GGLLT4_L1_R1.fastq.gz	650_SCP_NSI_02_H06_10488880_253GGLLT4_L1_R2.fastq.gz	SCP_NSI.02	SCP_NSI	H06	1	Non-Shaking	1/100	1000000	0	0.42494377983333337	5.96	6.02
SCP_NSI_02_H07	SCP_NSI.02.H07	651_SCP_NSI_02_H07_10488880_253GGLLT4_L1_R1.fastq.gz	651_SCP_NSI_02_H07_10488880_253GGLLT4_L1_R2.fastq.gz	SCP_NSI.02	SCP_NSI	H07	1	Non-Shaking	1/100	1000000	0	0.4327437628333333	13.3	6.52
SCP_NSI_02_H08	SCP_NSI.02.H08	652_SCP_NSI_02_H08_10488880_253GGLLT4_L1_R1.fastq.gz	652_SCP_NSI_02_H08_10488880_253GGLLT4_L1_R2.fastq.gz	SCP_NSI.02	SCP_NSI	H08	1	Non-Shaking	1/100	1000000	0	0.41854373083333335	18.53	3.98
SCP_NSI_04_A01	SCP_NSI.04.A01	701_SCP_NSI_04_A01_10488880_253GGLLT4_L1_R1.fastq.gz	701_SCP_NSI_04_A01_10488880_253GGLLT4_L1_R2.fastq.gz	SCP_NSI.04	SCP_NSI	A01	3	Non-Shaking	1/10	10000000	449999999.999999	0.41231456625	20.6	3.94
SCP_NSI_04_A02	SCP_NSI.04.A02	702_SCP_NSI_04_A02_10488880_253GGLLT4_L1_R1.fastq.gz	702_SCP_NSI_04_A02_10488880_253GGLLT4_L1_R2.fastq.gz	SCP_NSI.04	SCP_NSI	A02	3	Non-Shaking	1/10	10000000	550000000	0.39411458525000004	15	6.09
SCP_NSI_04_A03	SCP_NSI.04.A03	703_SCP_NSI_04_A03_10488880_253GGLLT4_L1_R1.fastq.gz	703_SCP_NSI_04_A03_10488880_253GGLLT4_L1_R2.fastq.gz	SCP_NSI.04	SCP_NSI	A03	3	Non-Shaking	1/10	10000000	449999999.999999	0.39571458325000003	22.56	6.97
SCP_NSI_04_A04	SCP_NSI.04.A04	704_SCP_NSI_04_A04_10488880_253GGLLT4_L1_R1.fastq.gz	704_SCP_NSI_04_A04_10488880_253GGLLT4_L1_R2.fastq.gz	SCP_NSI.04	SCP_NSI	A04	3	Non-Shaking	1/10	10000000	300000000	0.39611458925000004	19.52	5.47
SCP_NSI_04_A09	SCP_NSI.04.A09	705_SCP_NSI_04_A09_10488880_253GGLLT4_L1_R1.fastq.gz	705_SCP_NSI_04_A09_10488880_253GGLLT4_L1_R2.fastq.gz	SCP_NSI.04	SCP_NSI	A09	3	Non-Shaking	1/10	100000	399999999.999999	0.35361457025000004	26.57	8.31
SCP_NSI_04_A10	SCP_NSI.04.A10	706_SCP_NSI_04_A10_10488880_253GGLLT4_L1_R1.fastq.gz	706_SCP_NSI_04_A10_10488880_253GGLLT4_L1_R2.fastq.gz	SCP_NSI.04	SCP_NSI	A10	3	Non-Shaking	1/10	100000	350000000	0.36501458525	14.45	2.81
SCP_NSI_04_A11	SCP_NSI.04.A11	707_SCP_NSI_04_A11_10488880_253GGLLT4_L1_R1.fastq.gz	707_SCP_NSI_04_A11_10488880_253GGLLT4_L1_R2.fastq.gz	SCP_NSI.04	SCP_NSI	A11	3	Non-Shaking	1/10	100000	449999999.999999	0.36241457025000007	16.27	4.77
SCP_NSI_04_A12	SCP_NSI.04.A12	708_SCP_NSI_04_A12_10488880_253GGLLT4_L1_R1.fastq.gz	708_SCP_NSI_04_A12_10488880_253GGLLT4_L1_R2.fastq.gz	SCP_NSI.04	SCP_NSI	A12	3	Non-Shaking	1/10	100000	550000000	0.3990145642500001	6.17	5.11
SCP_NSI_04_B05	SCP_NSI.04.B05	709_SCP_NSI_04_B05_10488880_253GGLLT4_L1_R1.fastq.gz	709_SCP_NSI_04_B05_10488880_253GGLLT4_L1_R2.fastq.gz	SCP_NSI.04	SCP_NSI	B05	3	Non-Shaking	1/10	1000000	399999999.999999	0.37041458725000004	11.53	7.17
SCP_NSI_04_B06	SCP_NSI.04.B06	710_SCP_NSI_04_B06_10488880_253GGLLT4_L1_R1.fastq.gz	710_SCP_NSI_04_B06_10488880_253GGLLT4_L1_R2.fastq.gz	SCP_NSI.04	SCP_NSI	B06	3	Non-Shaking	1/10	1000000	300000000	0.37611457925	21.03	8.36
SCP_NSI_04_B07	SCP_NSI.04.B07	711_SCP_NSI_04_B07_10488880_253GGLLT4_L1_R1.fastq.gz	711_SCP_NSI_04_B07_10488880_253GGLLT4_L1_R2.fastq.gz	SCP_NSI.04	SCP_NSI	B07	3	Non-Shaking	1/10	1000000	399999999.999999	0.38491457925000006	29.33	6.46
SCP_NSI_04_B08	SCP_NSI.04.B08	712_SCP_NSI_04_B08_10488880_253GGLLT4_L1_R1.fastq.gz	712_SCP_NSI_04_B08_10488880_253GGLLT4_L1_R2.fastq.gz	SCP_NSI.04	SCP_NSI	B08	3	Non-Shaking	1/10	1000000	350000000	0.39091459125000005	16.43	7.41
SCP_NSI_04_C01	SCP_NSI.04.C01	713_SCP_NSI_04_C01_10488880_253GGLLT4_L1_R1.fastq.gz	713_SCP_NSI_04_C01_10488880_253GGLLT4_L1_R2.fastq.gz	SCP_NSI.04	SCP_NSI	C01	3	Non-Shaking	1/20	10000000	499999999.999999	0.40191456825	12.19	4.05
SCP_NSI_04_C02	SCP_NSI.04.C02	714_SCP_NSI_04_C02_10488880_253GGLLT4_L1_R1.fastq.gz	714_SCP_NSI_04_C02_10488880_253GGLLT4_L1_R2.fastq.gz	SCP_NSI.04	SCP_NSI	C02	3	Non-Shaking	1/20	10000000	600000000	0.40101459825	20.29	5.79
SCP_NSI_04_C03	SCP_NSI.04.C03	715_SCP_NSI_04_C03_10488880_253GGLLT4_L1_R1.fastq.gz	715_SCP_NSI_04_C03_10488880_253GGLLT4_L1_R2.fastq.gz	SCP_NSI.04	SCP_NSI	C03	3	Non-Shaking	1/20	10000000	499999999.999999	0.38821459025000005	23.75	6.45
SCP_NSI_04_C04	SCP_NSI.04.C04	716_SCP_NSI_04_C04_10488880_253GGLLT4_L1_R1.fastq.gz	716_SCP_NSI_04_C04_10488880_253GGLLT4_L1_R2.fastq.gz	SCP_NSI.04	SCP_NSI	C04	3	Non-Shaking	1/20	10000000	350000000	0.39331457225000005	13.83	5.96
SCP_NSI_04_C09	SCP_NSI.04.C09	717_SCP_NSI_04_C09_10488880_253GGLLT4_L1_R1.fastq.gz	717_SCP_NSI_04_C09_10488880_253GGLLT4_L1_R2.fastq.gz	SCP_NSI.04	SCP_NSI	C09	3	Non-Shaking	1/20	100000	399999999.999999	0.37711459625000004	23.73	12.46
SCP_NSI_04_C10	SCP_NSI.04.C10	718_SCP_NSI_04_C10_10488880_253GGLLT4_L1_R1.fastq.gz	718_SCP_NSI_04_C10_10488880_253GGLLT4_L1_R2.fastq.gz	SCP_NSI.04	SCP_NSI	C10	3	Non-Shaking	1/20	100000	399999999.999999	0.37231457425000003	18.52	0.52
SCP_NSI_04_C11	SCP_NSI.04.C11	719_SCP_NSI_04_C11_10488880_253GGLLT4_L1_R1.fastq.gz	719_SCP_NSI_04_C11_10488880_253GGLLT4_L1_R2.fastq.gz	SCP_NSI.04	SCP_NSI	C11	3	Non-Shaking	1/20	100000	449999999.999999	0.36951458625000005	18.74	4.34
SCP_NSI_04_C12	SCP_NSI.04.C12	720_SCP_NSI_04_C12_10488880_253GGLLT4_L1_R1.fastq.gz	720_SCP_NSI_04_C12_10488880_253GGLLT4_L1_R2.fastq.gz	SCP_NSI.04	SCP_NSI	C12	3	Non-Shaking	1/20	100000	350000000	0.42031458225	13.22	5.12
SCP_NSI_04_D05	SCP_NSI.04.D05	721_SCP_NSI_04_D05_10488880_253GGLLT4_L1_R1.fastq.gz	721_SCP_NSI_04_D05_10488880_253GGLLT4_L1_R2.fastq.gz	SCP_NSI.04	SCP_NSI	D05	3	Non-Shaking	1/20	1000000	449999999.999999	0.36281457725000005	7.98	7.97
SCP_NSI_04_D06	SCP_NSI.04.D06	722_SCP_NSI_04_D06_10488880_253GGLLT4_L1_R1.fastq.gz	722_SCP_NSI_04_D06_10488880_253GGLLT4_L1_R2.fastq.gz	SCP_NSI.04	SCP_NSI	D06	3	Non-Shaking	1/20	1000000	449999999.999999	0.38501459525000004	16.71	8
SCP_NSI_04_D07	SCP_NSI.04.D07	723_SCP_NSI_04_D07_10488880_253GGLLT4_L1_R1.fastq.gz	723_SCP_NSI_04_D07_10488880_253GGLLT4_L1_R2.fastq.gz	SCP_NSI.04	SCP_NSI	D07	3	Non-Shaking	1/20	1000000	300000000	0.37171459425000003	24.49	8.15
SCP_NSI_04_D08	SCP_NSI.04.D08	724_SCP_NSI_04_D08_10488880_253GGLLT4_L1_R1.fastq.gz	724_SCP_NSI_04_D08_10488880_253GGLLT4_L1_R2.fastq.gz	SCP_NSI.04	SCP_NSI	D08	3	Non-Shaking	1/20	1000000	399999999.999999	0.38181457125000007	7.45	7.59
SCP_NSI_04_E01	SCP_NSI.04.E01	725_SCP_NSI_04_E01_10488880_253GGLLT4_L1_R1.fastq.gz	725_SCP_NSI_04_E01_10488880_253GGLLT4_L1_R2.fastq.gz	SCP_NSI.04	SCP_NSI	E01	3	Non-Shaking	1/50	10000000	650000000	0.41841456525000004	25.31	4.93
SCP_NSI_04_E02	SCP_NSI.04.E02	726_SCP_NSI_04_E02_10488880_253GGLLT4_L1_R1.fastq.gz	726_SCP_NSI_04_E02_10488880_253GGLLT4_L1_R2.fastq.gz	SCP_NSI.04	SCP_NSI	E02	3	Non-Shaking	1/50	10000000	749999999.999999	0.41161456925	13.45	6.09
SCP_NSI_04_E03	SCP_NSI.04.E03	727_SCP_NSI_04_E03_10488880_253GGLLT4_L1_R1.fastq.gz	727_SCP_NSI_04_E03_10488880_253GGLLT4_L1_R2.fastq.gz	SCP_NSI.04	SCP_NSI	E03	3	Non-Shaking	1/50	10000000	650000000	0.40721455425	15.06	5.76
SCP_NSI_04_E04	SCP_NSI.04.E04	728_SCP_NSI_04_E04_10488880_253GGLLT4_L1_R1.fastq.gz	728_SCP_NSI_04_E04_10488880_253GGLLT4_L1_R2.fastq.gz	SCP_NSI.04	SCP_NSI	E04	3	Non-Shaking	1/50	10000000	350000000	0.41571459325	8.47	6.94
SCP_NSI_04_E09	SCP_NSI.04.E09	729_SCP_NSI_04_E09_10488880_253GGLLT4_L1_R1.fastq.gz	729_SCP_NSI_04_E09_10488880_253GGLLT4_L1_R2.fastq.gz	SCP_NSI.04	SCP_NSI	E09	3	Non-Shaking	1/50	100000	399999999.999999	0.4633145652500001	18.59	9.64
SCP_NSI_04_E10	SCP_NSI.04.E10	730_SCP_NSI_04_E10_10488880_253GGLLT4_L1_R1.fastq.gz	730_SCP_NSI_04_E10_10488880_253GGLLT4_L1_R2.fastq.gz	SCP_NSI.04	SCP_NSI	E10	3	Non-Shaking	1/50	100000	550000000	0.39251458825	8.62	0.45
SCP_NSI_04_E11	SCP_NSI.04.E11	731_SCP_NSI_04_E11_10488880_253GGLLT4_L1_R1.fastq.gz	731_SCP_NSI_04_E11_10488880_253GGLLT4_L1_R2.fastq.gz	SCP_NSI.04	SCP_NSI	E11	3	Non-Shaking	1/50	100000	449999999.999999	0.41271457225	9.5	4.51
SCP_NSI_04_E12	SCP_NSI.04.E12	732_SCP_NSI_04_E12_10488880_253GGLLT4_L1_R1.fastq.gz	732_SCP_NSI_04_E12_10488880_253GGLLT4_L1_R2.fastq.gz	SCP_NSI.04	SCP_NSI	E12	3	Non-Shaking	1/50	100000	449999999.999999	0.5232146102499999	20.11	5.89
SCP_NSI_04_F05	SCP_NSI.04.F05	733_SCP_NSI_04_F05_10488880_253GGLLT4_L1_R1.fastq.gz	733_SCP_NSI_04_F05_10488880_253GGLLT4_L1_R2.fastq.gz	SCP_NSI.04	SCP_NSI	F05	3	Non-Shaking	1/50	1000000	700000000	0.40781459425000005	4.86	8.68
SCP_NSI_04_F06	SCP_NSI.04.F06	734_SCP_NSI_04_F06_10488880_253GGLLT4_L1_R1.fastq.gz	734_SCP_NSI_04_F06_10488880_253GGLLT4_L1_R2.fastq.gz	SCP_NSI.04	SCP_NSI	F06	3	Non-Shaking	1/50	1000000	700000000	0.41191455925000003	12.43	8.47
SCP_NSI_04_F07	SCP_NSI.04.F07	735_SCP_NSI_04_F07_10488880_253GGLLT4_L1_R1.fastq.gz	735_SCP_NSI_04_F07_10488880_253GGLLT4_L1_R2.fastq.gz	SCP_NSI.04	SCP_NSI	F07	3	Non-Shaking	1/50	1000000	449999999.999999	0.41231456625	20.23	8.23
SCP_NSI_04_F08	SCP_NSI.04.F08	736_SCP_NSI_04_F08_10488880_253GGLLT4_L1_R1.fastq.gz	736_SCP_NSI_04_F08_10488880_253GGLLT4_L1_R2.fastq.gz	SCP_NSI.04	SCP_NSI	F08	3	Non-Shaking	1/50	1000000	350000000	0.41161456925	12.76	7.92
SCP_NSI_04_G01	SCP_NSI.04.G01	737_SCP_NSI_04_G01_10488880_253GGLLT4_L1_R1.fastq.gz	737_SCP_NSI_04_G01_10488880_253GGLLT4_L1_R2.fastq.gz	SCP_NSI.04	SCP_NSI	G01	3	Non-Shaking	1/100	10000000	999999999.999999	0.44941458325	26.96	5.61
SCP_NSI_04_G02	SCP_NSI.04.G02	738_SCP_NSI_04_G02_10488880_253GGLLT4_L1_R1.fastq.gz	738_SCP_NSI_04_G02_10488880_253GGLLT4_L1_R2.fastq.gz	SCP_NSI.04	SCP_NSI	G02	3	Non-Shaking	1/100	10000000	749999999.999999	0.43071457925000006	15.97	6.03
SCP_NSI_04_G03	SCP_NSI.04.G03	739_SCP_NSI_04_G03_10488880_253GGLLT4_L1_R1.fastq.gz	739_SCP_NSI_04_G03_10488880_253GGLLT4_L1_R2.fastq.gz	SCP_NSI.04	SCP_NSI	G03	3	Non-Shaking	1/100	10000000	600000000	0.4208146052500001	14.53	6.27
SCP_NSI_04_G04	SCP_NSI.04.G04	740_SCP_NSI_04_G04_10488880_253GGLLT4_L1_R1.fastq.gz	740_SCP_NSI_04_G04_10488880_253GGLLT4_L1_R2.fastq.gz	SCP_NSI.04	SCP_NSI	G04	3	Non-Shaking	1/100	10000000	550000000	0.45331457425000005	6.56	4.73
SCP_NSI_04_G09	SCP_NSI.04.G09	741_SCP_NSI_04_G09_10488880_253GGLLT4_L1_R1.fastq.gz	741_SCP_NSI_04_G09_10488880_253GGLLT4_L1_R2.fastq.gz	SCP_NSI.04	SCP_NSI	G09	3	Non-Shaking	1/100	100000	449999999.999999	0.41921457825	20.47	9.9
SCP_NSI_04_G10	SCP_NSI.04.G10	742_SCP_NSI_04_G10_10488880_253GGLLT4_L1_R1.fastq.gz	742_SCP_NSI_04_G10_10488880_253GGLLT4_L1_R2.fastq.gz	SCP_NSI.04	SCP_NSI	G10	3	Non-Shaking	1/100	100000	449999999.999999	0.43521461125	15.62	0.4
SCP_NSI_04_G11	SCP_NSI.04.G11	743_SCP_NSI_04_G11_10488880_253GGLLT4_L1_R1.fastq.gz	743_SCP_NSI_04_G11_10488880_253GGLLT4_L1_R2.fastq.gz	SCP_NSI.04	SCP_NSI	G11	3	Non-Shaking	1/100	100000	650000000	0.44681456925	17.28	3.95
SCP_NSI_04_G12	SCP_NSI.04.G12	744_SCP_NSI_04_G12_10488880_253GGLLT4_L1_R1.fastq.gz	744_SCP_NSI_04_G12_10488880_253GGLLT4_L1_R2.fastq.gz	SCP_NSI.04	SCP_NSI	G12	3	Non-Shaking	1/100	100000	449999999.999999	0.49181458525000005	17.8	4.26
SCP_NSI_04_H05	SCP_NSI.04.H05	745_SCP_NSI_04_H05_10488880_253GGLLT4_L1_R1.fastq.gz	745_SCP_NSI_04_H05_10488880_253GGLLT4_L1_R2.fastq.gz	SCP_NSI.04	SCP_NSI	H05	3	Non-Shaking	1/100	1000000	650000000	0.4280146082500001	13.8	7.65
SCP_NSI_04_H06	SCP_NSI.04.H06	746_SCP_NSI_04_H06_10488880_253GGLLT4_L1_R1.fastq.gz	746_SCP_NSI_04_H06_10488880_253GGLLT4_L1_R2.fastq.gz	SCP_NSI.04	SCP_NSI	H06	3	Non-Shaking	1/100	1000000	650000000	0.43191459925000003	18.39	6.68
SCP_NSI_04_H07	SCP_NSI.04.H07	747_SCP_NSI_04_H07_10488880_253GGLLT4_L1_R1.fastq.gz	747_SCP_NSI_04_H07_10488880_253GGLLT4_L1_R2.fastq.gz	SCP_NSI.04	SCP_NSI	H07	3	Non-Shaking	1/100	1000000	700000000	0.44051459625000006	11.29	6.01
SCP_NSI_04_H08	SCP_NSI.04.H08	748_SCP_NSI_04_H08_10488880_253GGLLT4_L1_R1.fastq.gz	748_SCP_NSI_04_H08_10488880_253GGLLT4_L1_R2.fastq.gz	SCP_NSI.04	SCP_NSI	H08	3	Non-Shaking	1/100	1000000	499999999.999999	0.4244146072500001	6.65	4.61
SCP_SI_01_A01	SCP_SI.01.A01	461_SCP_SI_01_A01_10488880_253GGLLT4_L1_R1.fastq.gz	461_SCP_SI_01_A01_10488880_253GGLLT4_L1_R2.fastq.gz	SCP_SI.01	SCP_SI	A01	0	Shaking	1/10	10000000	999999999.999999	0.40558541743750004	7.68	3.73
SCP_SI_01_A02	SCP_SI.01.A02	462_SCP_SI_01_A02_10488880_253GGLLT4_L1_R1.fastq.gz	462_SCP_SI_01_A02_10488880_253GGLLT4_L1_R2.fastq.gz	SCP_SI.01	SCP_SI	A02	0	Shaking	1/10	10000000	499999999.999999	0.3840854264375	6.83	6.46
SCP_SI_01_A03	SCP_SI.01.A03	463_SCP_SI_01_A03_10488880_253GGLLT4_L1_R1.fastq.gz	463_SCP_SI_01_A03_10488880_253GGLLT4_L1_R2.fastq.gz	SCP_SI.01	SCP_SI	A03	0	Shaking	1/10	10000000	650000000	0.3758854064375	6.21	6.66
SCP_SI_01_A04	SCP_SI.01.A04	464_SCP_SI_01_A04_10488880_253GGLLT4_L1_R1.fastq.gz	464_SCP_SI_01_A04_10488880_253GGLLT4_L1_R2.fastq.gz	SCP_SI.01	SCP_SI	A04	0	Shaking	1/10	10000000	600000000	0.37488541943750003	5.21	7.26
SCP_SI_01_A09	SCP_SI.01.A09	465_SCP_SI_01_A09_10488880_253GGLLT4_L1_R1.fastq.gz	465_SCP_SI_01_A09_10488880_253GGLLT4_L1_R2.fastq.gz	SCP_SI.01	SCP_SI	A09	0	Shaking	1/10	100000	499999999.999999	0.5457854064375001	14.58	17.09
SCP_SI_01_A10	SCP_SI.01.A10	466_SCP_SI_01_A10_10488880_253GGLLT4_L1_R1.fastq.gz	466_SCP_SI_01_A10_10488880_253GGLLT4_L1_R2.fastq.gz	SCP_SI.01	SCP_SI	A10	0	Shaking	1/10	100000	249999999.999999	0.5462854294375	7.54	4.3
SCP_SI_01_A11	SCP_SI.01.A11	467_SCP_SI_01_A11_10488880_253GGLLT4_L1_R1.fastq.gz	467_SCP_SI_01_A11_10488880_253GGLLT4_L1_R2.fastq.gz	SCP_SI.01	SCP_SI	A11	0	Shaking	1/10	100000	550000000	0.5589853914375	8.38	5.61
SCP_SI_01_A12	SCP_SI.01.A12	468_SCP_SI_01_A12_10488880_253GGLLT4_L1_R1.fastq.gz	468_SCP_SI_01_A12_10488880_253GGLLT4_L1_R2.fastq.gz	SCP_SI.01	SCP_SI	A12	0	Shaking	1/10	100000	399999999.999999	0.5524854454375	12.37	8.53
SCP_SI_01_B05	SCP_SI.01.B05	469_SCP_SI_01_B05_10488880_253GGLLT4_L1_R1.fastq.gz	469_SCP_SI_01_B05_10488880_253GGLLT4_L1_R2.fastq.gz	SCP_SI.01	SCP_SI	B05	0	Shaking	1/10	1000000	700000000	0.5160854254375	4.79	7.28
SCP_SI_01_B06	SCP_SI.01.B06	470_SCP_SI_01_B06_10488880_253GGLLT4_L1_R1.fastq.gz	470_SCP_SI_01_B06_10488880_253GGLLT4_L1_R2.fastq.gz	SCP_SI.01	SCP_SI	B06	0	Shaking	1/10	1000000	749999999.999999	0.5120854174375	6.82	5.61
SCP_SI_01_B07	SCP_SI.01.B07	471_SCP_SI_01_B07_10488880_253GGLLT4_L1_R1.fastq.gz	471_SCP_SI_01_B07_10488880_253GGLLT4_L1_R2.fastq.gz	SCP_SI.01	SCP_SI	B07	0	Shaking	1/10	1000000	799999999.999999	0.5074854284375	11.46	5.89
SCP_SI_01_B08	SCP_SI.01.B08	472_SCP_SI_01_B08_10488880_253GGLLT4_L1_R1.fastq.gz	472_SCP_SI_01_B08_10488880_253GGLLT4_L1_R2.fastq.gz	SCP_SI.01	SCP_SI	B08	0	Shaking	1/10	1000000	550000000	0.5083853994375	9.13	7.9
SCP_SI_01_C01	SCP_SI.01.C01	473_SCP_SI_01_C01_10488880_253GGLLT4_L1_R1.fastq.gz	473_SCP_SI_01_C01_10488880_253GGLLT4_L1_R2.fastq.gz	SCP_SI.01	SCP_SI	C01	0	Shaking	1/20	10000000	3500000000	0.38218540843750004	11.7	4.64
SCP_SI_01_C02	SCP_SI.01.C02	474_SCP_SI_01_C02_10488880_253GGLLT4_L1_R1.fastq.gz	474_SCP_SI_01_C02_10488880_253GGLLT4_L1_R2.fastq.gz	SCP_SI.01	SCP_SI	C02	0	Shaking	1/20	10000000	999999999.999999	0.3752854264375	8.16	4.52
SCP_SI_01_C03	SCP_SI.01.C03	475_SCP_SI_01_C03_10488880_253GGLLT4_L1_R1.fastq.gz	475_SCP_SI_01_C03_10488880_253GGLLT4_L1_R2.fastq.gz	SCP_SI.01	SCP_SI	C03	0	Shaking	1/20	10000000	700000000	0.36888540743750003	6.39	5.06
SCP_SI_01_C04	SCP_SI.01.C04	476_SCP_SI_01_C04_10488880_253GGLLT4_L1_R1.fastq.gz	476_SCP_SI_01_C04_10488880_253GGLLT4_L1_R2.fastq.gz	SCP_SI.01	SCP_SI	C04	0	Shaking	1/20	10000000	300000000	0.3705854214375	5.27	3.99
SCP_SI_01_C09	SCP_SI.01.C09	477_SCP_SI_01_C09_10488880_253GGLLT4_L1_R1.fastq.gz	477_SCP_SI_01_C09_10488880_253GGLLT4_L1_R2.fastq.gz	SCP_SI.01	SCP_SI	C09	0	Shaking	1/20	100000	899999999.999999	0.5249854124375	21.41	10.59
SCP_SI_01_C10	SCP_SI.01.C10	478_SCP_SI_01_C10_10488880_253GGLLT4_L1_R1.fastq.gz	478_SCP_SI_01_C10_10488880_253GGLLT4_L1_R2.fastq.gz	SCP_SI.01	SCP_SI	C10	0	Shaking	1/20	100000	449999999.999999	0.5161854424375	9.97	2.45
SCP_SI_01_C11	SCP_SI.01.C11	479_SCP_SI_01_C11_10488880_253GGLLT4_L1_R1.fastq.gz	479_SCP_SI_01_C11_10488880_253GGLLT4_L1_R2.fastq.gz	SCP_SI.01	SCP_SI	C11	0	Shaking	1/20	100000	700000000	0.5276854424375	6.86	5.84
SCP_SI_01_C12	SCP_SI.01.C12	480_SCP_SI_01_C12_10488880_253GGLLT4_L1_R1.fastq.gz	480_SCP_SI_01_C12_10488880_253GGLLT4_L1_R2.fastq.gz	SCP_SI.01	SCP_SI	C12	0	Shaking	1/20	100000	550000000	0.5386854204375	6.12	5.97
SCP_SI_01_D05	SCP_SI.01.D05	481_SCP_SI_01_D05_10488880_253GGLLT4_L1_R1.fastq.gz	481_SCP_SI_01_D05_10488880_253GGLLT4_L1_R2.fastq.gz	SCP_SI.01	SCP_SI	D05	0	Shaking	1/20	1000000	899999999.999999	0.49818543543750005	11.34	5.24
SCP_SI_01_D06	SCP_SI.01.D06	482_SCP_SI_01_D06_10488880_253GGLLT4_L1_R1.fastq.gz	482_SCP_SI_01_D06_10488880_253GGLLT4_L1_R2.fastq.gz	SCP_SI.01	SCP_SI	D06	0	Shaking	1/20	1000000	449999999.999999	0.5085854324375	7.78	4.96
SCP_SI_01_D07	SCP_SI.01.D07	483_SCP_SI_01_D07_10488880_253GGLLT4_L1_R1.fastq.gz	483_SCP_SI_01_D07_10488880_253GGLLT4_L1_R2.fastq.gz	SCP_SI.01	SCP_SI	D07	0	Shaking	1/20	1000000	499999999.999999	0.4950853974375	19.81	4.27
SCP_SI_01_D08	SCP_SI.01.D08	484_SCP_SI_01_D08_10488880_253GGLLT4_L1_R1.fastq.gz	484_SCP_SI_01_D08_10488880_253GGLLT4_L1_R2.fastq.gz	SCP_SI.01	SCP_SI	D08	0	Shaking	1/20	1000000	650000000	0.47918544143749997	8.56	4.97
SCP_SI_01_E01	SCP_SI.01.E01	485_SCP_SI_01_E01_10488880_253GGLLT4_L1_R1.fastq.gz	485_SCP_SI_01_E01_10488880_253GGLLT4_L1_R2.fastq.gz	SCP_SI.01	SCP_SI	E01	0	Shaking	1/50	10000000	650000000	0.3764854164375	5.77	3.51
SCP_SI_01_E02	SCP_SI.01.E02	486_SCP_SI_01_E02_10488880_253GGLLT4_L1_R1.fastq.gz	486_SCP_SI_01_E02_10488880_253GGLLT4_L1_R2.fastq.gz	SCP_SI.01	SCP_SI	E02	0	Shaking	1/50	10000000	550000000	0.36188540743750003	8.71	4.53
SCP_SI_01_E03	SCP_SI.01.E03	487_SCP_SI_01_E03_10488880_253GGLLT4_L1_R1.fastq.gz	487_SCP_SI_01_E03_10488880_253GGLLT4_L1_R2.fastq.gz	SCP_SI.01	SCP_SI	E03	0	Shaking	1/50	10000000	199999999.999999	0.3659854024375	5.98	5.21
SCP_SI_01_E04	SCP_SI.01.E04	488_SCP_SI_01_E04_10488880_253GGLLT4_L1_R1.fastq.gz	488_SCP_SI_01_E04_10488880_253GGLLT4_L1_R2.fastq.gz	SCP_SI.01	SCP_SI	E04	0	Shaking	1/50	10000000	499999999.999999	0.36128542743750003	4.79	4.04
SCP_SI_01_E09	SCP_SI.01.E09	489_SCP_SI_01_E09_10488880_253GGLLT4_L1_R1.fastq.gz	489_SCP_SI_01_E09_10488880_253GGLLT4_L1_R2.fastq.gz	SCP_SI.01	SCP_SI	E09	0	Shaking	1/50	100000	550000000	0.5201853904375	8.04	15.14
SCP_SI_01_E10	SCP_SI.01.E10	490_SCP_SI_01_E10_10488880_253GGLLT4_L1_R1.fastq.gz	490_SCP_SI_01_E10_10488880_253GGLLT4_L1_R2.fastq.gz	SCP_SI.01	SCP_SI	E10	0	Shaking	1/50	100000	449999999.999999	0.5132854374375	8.95	2.09
SCP_SI_01_E11	SCP_SI.01.E11	491_SCP_SI_01_E11_10488880_253GGLLT4_L1_R1.fastq.gz	491_SCP_SI_01_E11_10488880_253GGLLT4_L1_R2.fastq.gz	SCP_SI.01	SCP_SI	E11	0	Shaking	1/50	100000	199999999.999999	0.5224854144375	5.77	3.06
SCP_SI_01_E12	SCP_SI.01.E12	492_SCP_SI_01_E12_10488880_253GGLLT4_L1_R1.fastq.gz	492_SCP_SI_01_E12_10488880_253GGLLT4_L1_R2.fastq.gz	SCP_SI.01	SCP_SI	E12	0	Shaking	1/50	100000	849999999.999999	0.5325854214375	5.34	7.88
SCP_SI_01_F05	SCP_SI.01.F05	493_SCP_SI_01_F05_10488880_253GGLLT4_L1_R1.fastq.gz	493_SCP_SI_01_F05_10488880_253GGLLT4_L1_R2.fastq.gz	SCP_SI.01	SCP_SI	F05	0	Shaking	1/50	1000000	799999999.999999	0.5060854344375	4.94	5.35
SCP_SI_01_F06	SCP_SI.01.F06	494_SCP_SI_01_F06_10488880_253GGLLT4_L1_R1.fastq.gz	494_SCP_SI_01_F06_10488880_253GGLLT4_L1_R2.fastq.gz	SCP_SI.01	SCP_SI	F06	0	Shaking	1/50	1000000	949999999.999999	0.48868540843749997	3.2	6.26
SCP_SI_01_F07	SCP_SI.01.F07	495_SCP_SI_01_F07_10488880_253GGLLT4_L1_R1.fastq.gz	495_SCP_SI_01_F07_10488880_253GGLLT4_L1_R2.fastq.gz	SCP_SI.01	SCP_SI	F07	0	Shaking	1/50	1000000	799999999.999999	0.5016854204375	8.82	6.69
SCP_SI_01_F08	SCP_SI.01.F08	496_SCP_SI_01_F08_10488880_253GGLLT4_L1_R1.fastq.gz	496_SCP_SI_01_F08_10488880_253GGLLT4_L1_R2.fastq.gz	SCP_SI.01	SCP_SI	F08	0	Shaking	1/50	1000000	499999999.999999	0.4867853914375	6.13	6.95
SCP_SI_01_G01	SCP_SI.01.G01	497_SCP_SI_01_G01_10488880_253GGLLT4_L1_R1.fastq.gz	497_SCP_SI_01_G01_10488880_253GGLLT4_L1_R2.fastq.gz	SCP_SI.01	SCP_SI	G01	0	Shaking	1/100	10000000	799999999.999999	0.36838541343750003	7.24	3.69
SCP_SI_01_G02	SCP_SI.01.G02	498_SCP_SI_01_G02_10488880_253GGLLT4_L1_R1.fastq.gz	498_SCP_SI_01_G02_10488880_253GGLLT4_L1_R2.fastq.gz	SCP_SI.01	SCP_SI	G02	0	Shaking	1/100	10000000	700000000	0.3671854234375	12.34	6.54
SCP_SI_01_G03	SCP_SI.01.G03	499_SCP_SI_01_G03_10488880_253GGLLT4_L1_R1.fastq.gz	499_SCP_SI_01_G03_10488880_253GGLLT4_L1_R2.fastq.gz	SCP_SI.01	SCP_SI	G03	0	Shaking	1/100	10000000	550000000	0.3635854214375	8.55	6.94
SCP_SI_01_G04	SCP_SI.01.G04	500_SCP_SI_01_G04_10488880_253GGLLT4_L1_R1.fastq.gz	500_SCP_SI_01_G04_10488880_253GGLLT4_L1_R2.fastq.gz	SCP_SI.01	SCP_SI	G04	0	Shaking	1/100	10000000	399999999.999999	0.3623854314375	13.03	5.75
SCP_SI_01_G09	SCP_SI.01.G09	501_SCP_SI_01_G09_10488880_253GGLLT4_L1_R1.fastq.gz	501_SCP_SI_01_G09_10488880_253GGLLT4_L1_R2.fastq.gz	SCP_SI.01	SCP_SI	G09	0	Shaking	1/100	100000	600000000	0.5124854244375	26.6	7.77
SCP_SI_01_G10	SCP_SI.01.G10	502_SCP_SI_01_G10_10488880_253GGLLT4_L1_R1.fastq.gz	502_SCP_SI_01_G10_10488880_253GGLLT4_L1_R2.fastq.gz	SCP_SI.01	SCP_SI	G10	0	Shaking	1/100	100000	700000000	0.5577854304375001	18.03	3.66
SCP_SI_01_G11	SCP_SI.01.G11	503_SCP_SI_01_G11_10488880_253GGLLT4_L1_R1.fastq.gz	503_SCP_SI_01_G11_10488880_253GGLLT4_L1_R2.fastq.gz	SCP_SI.01	SCP_SI	G11	0	Shaking	1/100	100000	799999999.999999	0.5461854134375	8.23	5.76
SCP_SI_01_G12	SCP_SI.01.G12	504_SCP_SI_01_G12_10488880_253GGLLT4_L1_R1.fastq.gz	504_SCP_SI_01_G12_10488880_253GGLLT4_L1_R2.fastq.gz	SCP_SI.01	SCP_SI	G12	0	Shaking	1/100	100000	650000000	0.5174854194375	3.83	6.12
SCP_SI_01_H05	SCP_SI.01.H05	505_SCP_SI_01_H05_10488880_253GGLLT4_L1_R1.fastq.gz	505_SCP_SI_01_H05_10488880_253GGLLT4_L1_R2.fastq.gz	SCP_SI.01	SCP_SI	H05	0	Shaking	1/100	1000000	600000000	0.5044854074375	8.32	4.74
SCP_SI_01_H06	SCP_SI.01.H06	506_SCP_SI_01_H06_10488880_253GGLLT4_L1_R1.fastq.gz	506_SCP_SI_01_H06_10488880_253GGLLT4_L1_R2.fastq.gz	SCP_SI.01	SCP_SI	H06	0	Shaking	1/100	1000000	449999999.999999	0.5009854234375	15.99	6.18
SCP_SI_01_H07	SCP_SI.01.H07	507_SCP_SI_01_H07_10488880_253GGLLT4_L1_R1.fastq.gz	507_SCP_SI_01_H07_10488880_253GGLLT4_L1_R2.fastq.gz	SCP_SI.01	SCP_SI	H07	0	Shaking	1/100	1000000	949999999.999999	0.5117854274375	25.03	5.86
SCP_SI_01_H08	SCP_SI.01.H08	508_SCP_SI_01_H08_10488880_253GGLLT4_L1_R1.fastq.gz	508_SCP_SI_01_H08_10488880_253GGLLT4_L1_R2.fastq.gz	SCP_SI.01	SCP_SI	H08	0	Shaking	1/100	1000000	700000000	0.5062854084375	12.32	7.13
SCP_SI_02_A01	SCP_SI.02.A01	557_SCP_SI_02_A01_10488880_253GGLLT4_L1_R1.fastq.gz	557_SCP_SI_02_A01_10488880_253GGLLT4_L1_R2.fastq.gz	SCP_SI.02	SCP_SI	A01	1	Shaking	1/10	10000000	0	0.44471042922916665	20.53	5.32
SCP_SI_02_A02	SCP_SI.02.A02	558_SCP_SI_02_A02_10488880_253GGLLT4_L1_R1.fastq.gz	558_SCP_SI_02_A02_10488880_253GGLLT4_L1_R2.fastq.gz	SCP_SI.02	SCP_SI	A02	1	Shaking	1/10	10000000	0	0.44731044322916674	5.73	6.56
SCP_SI_02_A03	SCP_SI.02.A03	559_SCP_SI_02_A03_10488880_253GGLLT4_L1_R1.fastq.gz	559_SCP_SI_02_A03_10488880_253GGLLT4_L1_R2.fastq.gz	SCP_SI.02	SCP_SI	A03	1	Shaking	1/10	10000000	0	0.4415104352291667	12.67	7.64
SCP_SI_02_A04	SCP_SI.02.A04	560_SCP_SI_02_A04_10488880_253GGLLT4_L1_R1.fastq.gz	560_SCP_SI_02_A04_10488880_253GGLLT4_L1_R2.fastq.gz	SCP_SI.02	SCP_SI	A04	1	Shaking	1/10	10000000	0	0.44111042822916674	9.42	5.65
SCP_SI_02_A09	SCP_SI.02.A09	561_SCP_SI_02_A09_10488880_253GGLLT4_L1_R1.fastq.gz	561_SCP_SI_02_A09_10488880_253GGLLT4_L1_R2.fastq.gz	SCP_SI.02	SCP_SI	A09	1	Shaking	1/10	100000	0	0.37361040322916667	12.51	7.17
SCP_SI_02_A10	SCP_SI.02.A10	562_SCP_SI_02_A10_10488880_253GGLLT4_L1_R1.fastq.gz	562_SCP_SI_02_A10_10488880_253GGLLT4_L1_R2.fastq.gz	SCP_SI.02	SCP_SI	A10	1	Shaking	1/10	100000	0	0.3828104092291667	5.56	4.5
SCP_SI_02_A11	SCP_SI.02.A11	563_SCP_SI_02_A11_10488880_253GGLLT4_L1_R1.fastq.gz	563_SCP_SI_02_A11_10488880_253GGLLT4_L1_R2.fastq.gz	SCP_SI.02	SCP_SI	A11	1	Shaking	1/10	100000	0	0.3933104232291667	7.2	5.74
SCP_SI_02_A12	SCP_SI.02.A12	564_SCP_SI_02_A12_10488880_253GGLLT4_L1_R1.fastq.gz	564_SCP_SI_02_A12_10488880_253GGLLT4_L1_R2.fastq.gz	SCP_SI.02	SCP_SI	A12	1	Shaking	1/10	100000	0	0.4173104122291667	16.24	6.2
SCP_SI_02_B05	SCP_SI.02.B05	565_SCP_SI_02_B05_10488880_253GGLLT4_L1_R1.fastq.gz	565_SCP_SI_02_B05_10488880_253GGLLT4_L1_R2.fastq.gz	SCP_SI.02	SCP_SI	B05	1	Shaking	1/10	1000000	0	0.3966104052291667	10.08	8.31
SCP_SI_02_B06	SCP_SI.02.B06	566_SCP_SI_02_B06_10488880_253GGLLT4_L1_R1.fastq.gz	566_SCP_SI_02_B06_10488880_253GGLLT4_L1_R2.fastq.gz	SCP_SI.02	SCP_SI	B06	1	Shaking	1/10	1000000	0	0.3849104302291667	10.67	7.5
SCP_SI_02_B07	SCP_SI.02.B07	567_SCP_SI_02_B07_10488880_253GGLLT4_L1_R1.fastq.gz	567_SCP_SI_02_B07_10488880_253GGLLT4_L1_R2.fastq.gz	SCP_SI.02	SCP_SI	B07	1	Shaking	1/10	1000000	0	0.3867104312291667	8.58	8.26
SCP_SI_02_B08	SCP_SI.02.B08	568_SCP_SI_02_B08_10488880_253GGLLT4_L1_R1.fastq.gz	568_SCP_SI_02_B08_10488880_253GGLLT4_L1_R2.fastq.gz	SCP_SI.02	SCP_SI	B08	1	Shaking	1/10	1000000	0	0.3872104242291667	6.61	8.18
SCP_SI_02_C01	SCP_SI.02.C01	569_SCP_SI_02_C01_10488880_253GGLLT4_L1_R1.fastq.gz	569_SCP_SI_02_C01_10488880_253GGLLT4_L1_R2.fastq.gz	SCP_SI.02	SCP_SI	C01	1	Shaking	1/20	10000000	0	0.45861041122916674	20.42	5.93
SCP_SI_02_C02	SCP_SI.02.C02	570_SCP_SI_02_C02_10488880_253GGLLT4_L1_R1.fastq.gz	570_SCP_SI_02_C02_10488880_253GGLLT4_L1_R2.fastq.gz	SCP_SI.02	SCP_SI	C02	1	Shaking	1/20	10000000	0	0.44361042522916666	4.47	5.51
SCP_SI_02_C03	SCP_SI.02.C03	571_SCP_SI_02_C03_10488880_253GGLLT4_L1_R1.fastq.gz	571_SCP_SI_02_C03_10488880_253GGLLT4_L1_R2.fastq.gz	SCP_SI.02	SCP_SI	C03	1	Shaking	1/20	10000000	0	0.43411039922916667	10.89	6.41
SCP_SI_02_C04	SCP_SI.02.C04	572_SCP_SI_02_C04_10488880_253GGLLT4_L1_R1.fastq.gz	572_SCP_SI_02_C04_10488880_253GGLLT4_L1_R2.fastq.gz	SCP_SI.02	SCP_SI	C04	1	Shaking	1/20	10000000	0	0.4410104112291667	12.49	7.14
SCP_SI_02_C09	SCP_SI.02.C09	573_SCP_SI_02_C09_10488880_253GGLLT4_L1_R1.fastq.gz	573_SCP_SI_02_C09_10488880_253GGLLT4_L1_R2.fastq.gz	SCP_SI.02	SCP_SI	C09	1	Shaking	1/20	100000	0	0.3866104142291667	11.55	9.33
SCP_SI_02_C10	SCP_SI.02.C10	574_SCP_SI_02_C10_10488880_253GGLLT4_L1_R1.fastq.gz	574_SCP_SI_02_C10_10488880_253GGLLT4_L1_R2.fastq.gz	SCP_SI.02	SCP_SI	C10	1	Shaking	1/20	100000	0	0.3933104232291667	5.11	2.18
SCP_SI_02_C11	SCP_SI.02.C11	575_SCP_SI_02_C11_10488880_253GGLLT4_L1_R1.fastq.gz	575_SCP_SI_02_C11_10488880_253GGLLT4_L1_R2.fastq.gz	SCP_SI.02	SCP_SI	C11	1	Shaking	1/20	100000	0	0.3974104182291667	15.08	5.25
SCP_SI_02_C12	SCP_SI.02.C12	576_SCP_SI_02_C12_10488880_253GGLLT4_L1_R1.fastq.gz	576_SCP_SI_02_C12_10488880_253GGLLT4_L1_R2.fastq.gz	SCP_SI.02	SCP_SI	C12	1	Shaking	1/20	100000	0	0.4059104282291667	10.38	6.45
SCP_SI_02_D05	SCP_SI.02.D05	577_SCP_SI_02_D05_10488880_253GGLLT4_L1_R1.fastq.gz	577_SCP_SI_02_D05_10488880_253GGLLT4_L1_R2.fastq.gz	SCP_SI.02	SCP_SI	D05	1	Shaking	1/20	1000000	0	0.3943104102291667	9.65	7.36
SCP_SI_02_D06	SCP_SI.02.D06	578_SCP_SI_02_D06_10488880_253GGLLT4_L1_R1.fastq.gz	578_SCP_SI_02_D06_10488880_253GGLLT4_L1_R2.fastq.gz	SCP_SI.02	SCP_SI	D06	1	Shaking	1/20	1000000	0	0.4060104152291667	13.01	7.3
SCP_SI_02_D07	SCP_SI.02.D07	579_SCP_SI_02_D07_10488880_253GGLLT4_L1_R1.fastq.gz	579_SCP_SI_02_D07_10488880_253GGLLT4_L1_R2.fastq.gz	SCP_SI.02	SCP_SI	D07	1	Shaking	1/20	1000000	0	0.3781104042291667	24.1	7.52
SCP_SI_02_D08	SCP_SI.02.D08	580_SCP_SI_02_D08_10488880_253GGLLT4_L1_R1.fastq.gz	580_SCP_SI_02_D08_10488880_253GGLLT4_L1_R2.fastq.gz	SCP_SI.02	SCP_SI	D08	1	Shaking	1/20	1000000	0	0.3991104022291667	14.38	6.1
SCP_SI_02_E01	SCP_SI.02.E01	581_SCP_SI_02_E01_10488880_253GGLLT4_L1_R1.fastq.gz	581_SCP_SI_02_E01_10488880_253GGLLT4_L1_R2.fastq.gz	SCP_SI.02	SCP_SI	E01	1	Shaking	1/50	10000000	0	0.5029104312291667	19.15	5.28
SCP_SI_02_E02	SCP_SI.02.E02	582_SCP_SI_02_E02_10488880_253GGLLT4_L1_R1.fastq.gz	582_SCP_SI_02_E02_10488880_253GGLLT4_L1_R2.fastq.gz	SCP_SI.02	SCP_SI	E02	1	Shaking	1/50	10000000	0	0.48321044022916665	4.33	4.1
SCP_SI_02_E03	SCP_SI.02.E03	583_SCP_SI_02_E03_10488880_253GGLLT4_L1_R1.fastq.gz	583_SCP_SI_02_E03_10488880_253GGLLT4_L1_R2.fastq.gz	SCP_SI.02	SCP_SI	E03	1	Shaking	1/50	10000000	0	0.47601043722916664	5.62	7.2
SCP_SI_02_E04	SCP_SI.02.E04	584_SCP_SI_02_E04_10488880_253GGLLT4_L1_R1.fastq.gz	584_SCP_SI_02_E04_10488880_253GGLLT4_L1_R2.fastq.gz	SCP_SI.02	SCP_SI	E04	1	Shaking	1/50	10000000	0	0.4696103892291667	3.83	7.15
SCP_SI_02_E09	SCP_SI.02.E09	585_SCP_SI_02_E09_10488880_253GGLLT4_L1_R1.fastq.gz	585_SCP_SI_02_E09_10488880_253GGLLT4_L1_R2.fastq.gz	SCP_SI.02	SCP_SI	E09	1	Shaking	1/50	100000	0	0.3924104232291667	6.34	7.99
SCP_SI_02_E10	SCP_SI.02.E10	586_SCP_SI_02_E10_10488880_253GGLLT4_L1_R1.fastq.gz	586_SCP_SI_02_E10_10488880_253GGLLT4_L1_R2.fastq.gz	SCP_SI.02	SCP_SI	E10	1	Shaking	1/50	100000	0	0.4108104072291667	4.03	1.32
SCP_SI_02_E11	SCP_SI.02.E11	587_SCP_SI_02_E11_10488880_253GGLLT4_L1_R1.fastq.gz	587_SCP_SI_02_E11_10488880_253GGLLT4_L1_R2.fastq.gz	SCP_SI.02	SCP_SI	E11	1	Shaking	1/50	100000	0	0.42151039422916664	7.39	5.38
SCP_SI_02_E12	SCP_SI.02.E12	588_SCP_SI_02_E12_10488880_253GGLLT4_L1_R1.fastq.gz	588_SCP_SI_02_E12_10488880_253GGLLT4_L1_R2.fastq.gz	SCP_SI.02	SCP_SI	E12	1	Shaking	1/50	100000	0	0.45051043822916664	5.58	5.32
SCP_SI_02_F05	SCP_SI.02.F05	589_SCP_SI_02_F05_10488880_253GGLLT4_L1_R1.fastq.gz	589_SCP_SI_02_F05_10488880_253GGLLT4_L1_R2.fastq.gz	SCP_SI.02	SCP_SI	F05	1	Shaking	1/50	1000000	0	0.43011039122916667	3.43	6.3
SCP_SI_02_F06	SCP_SI.02.F06	590_SCP_SI_02_F06_10488880_253GGLLT4_L1_R1.fastq.gz	590_SCP_SI_02_F06_10488880_253GGLLT4_L1_R2.fastq.gz	SCP_SI.02	SCP_SI	F06	1	Shaking	1/50	1000000	0	0.42801040022916664	5.43	5.59
SCP_SI_02_F07	SCP_SI.02.F07	591_SCP_SI_02_F07_10488880_253GGLLT4_L1_R1.fastq.gz	591_SCP_SI_02_F07_10488880_253GGLLT4_L1_R2.fastq.gz	SCP_SI.02	SCP_SI	F07	1	Shaking	1/50	1000000	0	0.4464104132291667	7.42	6.58
SCP_SI_02_F08	SCP_SI.02.F08	592_SCP_SI_02_F08_10488880_253GGLLT4_L1_R1.fastq.gz	592_SCP_SI_02_F08_10488880_253GGLLT4_L1_R2.fastq.gz	SCP_SI.02	SCP_SI	F08	1	Shaking	1/50	1000000	0	0.4391103942291667	11.49	7.32
SCP_SI_02_G01	SCP_SI.02.G01	593_SCP_SI_02_G01_10488880_253GGLLT4_L1_R1.fastq.gz	593_SCP_SI_02_G01_10488880_253GGLLT4_L1_R2.fastq.gz	SCP_SI.02	SCP_SI	G01	1	Shaking	1/100	10000000	0	0.5032104212291666	25.77	5.76
SCP_SI_02_G02	SCP_SI.02.G02	594_SCP_SI_02_G02_10488880_253GGLLT4_L1_R1.fastq.gz	594_SCP_SI_02_G02_10488880_253GGLLT4_L1_R2.fastq.gz	SCP_SI.02	SCP_SI	G02	1	Shaking	1/100	10000000	0	0.4980103932291667	16.41	6.97
SCP_SI_02_G03	SCP_SI.02.G03	595_SCP_SI_02_G03_10488880_253GGLLT4_L1_R1.fastq.gz	595_SCP_SI_02_G03_10488880_253GGLLT4_L1_R2.fastq.gz	SCP_SI.02	SCP_SI	G03	1	Shaking	1/100	10000000	0	0.4940104442291667	13.92	8.45
SCP_SI_02_G04	SCP_SI.02.G04	596_SCP_SI_02_G04_10488880_253GGLLT4_L1_R1.fastq.gz	596_SCP_SI_02_G04_10488880_253GGLLT4_L1_R2.fastq.gz	SCP_SI.02	SCP_SI	G04	1	Shaking	1/100	10000000	0	0.49991041022916666	18.97	0.29
SCP_SI_02_G09	SCP_SI.02.G09	597_SCP_SI_02_G09_10488880_253GGLLT4_L1_R1.fastq.gz	597_SCP_SI_02_G09_10488880_253GGLLT4_L1_R2.fastq.gz	SCP_SI.02	SCP_SI	G09	1	Shaking	1/100	100000	0	0.4252104122291667	18.33	10.14
SCP_SI_02_G10	SCP_SI.02.G10	598_SCP_SI_02_G10_10488880_253GGLLT4_L1_R1.fastq.gz	598_SCP_SI_02_G10_10488880_253GGLLT4_L1_R2.fastq.gz	SCP_SI.02	SCP_SI	G10	1	Shaking	1/100	100000	0	0.4408104382291667	9.01	3.1
SCP_SI_02_G11	SCP_SI.02.G11	599_SCP_SI_02_G11_10488880_253GGLLT4_L1_R1.fastq.gz	599_SCP_SI_02_G11_10488880_253GGLLT4_L1_R2.fastq.gz	SCP_SI.02	SCP_SI	G11	1	Shaking	1/100	100000	0	0.4490104272291667	6.08	5.41
SCP_SI_02_G12	SCP_SI.02.G12	600_SCP_SI_02_G12_10488880_253GGLLT4_L1_R1.fastq.gz	600_SCP_SI_02_G12_10488880_253GGLLT4_L1_R2.fastq.gz	SCP_SI.02	SCP_SI	G12	1	Shaking	1/100	100000	0	0.43391042522916673	6.78	6.77
SCP_SI_02_H05	SCP_SI.02.H05	601_SCP_SI_02_H05_10488880_253GGLLT4_L1_R1.fastq.gz	601_SCP_SI_02_H05_10488880_253GGLLT4_L1_R2.fastq.gz	SCP_SI.02	SCP_SI	H05	1	Shaking	1/100	1000000	0	0.45461040322916674	17.55	3.44
SCP_SI_02_H06	SCP_SI.02.H06	602_SCP_SI_02_H06_10488880_253GGLLT4_L1_R1.fastq.gz	602_SCP_SI_02_H06_10488880_253GGLLT4_L1_R2.fastq.gz	SCP_SI.02	SCP_SI	H06	1	Shaking	1/100	1000000	0	0.4514104082291667	8.2	0.51
SCP_SI_02_H07	SCP_SI.02.H07	603_SCP_SI_02_H07_10488880_253GGLLT4_L1_R1.fastq.gz	603_SCP_SI_02_H07_10488880_253GGLLT4_L1_R2.fastq.gz	SCP_SI.02	SCP_SI	H07	1	Shaking	1/100	1000000	0	0.45531040022916675	18.56	4.71
SCP_SI_02_H08	SCP_SI.02.H08	604_SCP_SI_02_H08_10488880_253GGLLT4_L1_R1.fastq.gz	604_SCP_SI_02_H08_10488880_253GGLLT4_L1_R2.fastq.gz	SCP_SI.02	SCP_SI	H08	1	Shaking	1/100	1000000	0	0.46141039922916666	14.37	5.73
SCP_SI_04_A01	SCP_SI.04.A01	653_SCP_SI_04_A01_10488880_253GGLLT4_L1_R1.fastq.gz	653_SCP_SI_04_A01_10488880_253GGLLT4_L1_R2.fastq.gz	SCP_SI.04	SCP_SI	A01	3	Shaking	1/10	10000000	550000000	0.4079833168333334	19.04	6.1
SCP_SI_04_A02	SCP_SI.04.A02	654_SCP_SI_04_A02_10488880_253GGLLT4_L1_R1.fastq.gz	654_SCP_SI_04_A02_10488880_253GGLLT4_L1_R2.fastq.gz	SCP_SI.04	SCP_SI	A02	3	Shaking	1/10	10000000	600000000	0.39248333783333333	14.38	5.25
SCP_SI_04_A03	SCP_SI.04.A03	655_SCP_SI_04_A03_10488880_253GGLLT4_L1_R1.fastq.gz	655_SCP_SI_04_A03_10488880_253GGLLT4_L1_R2.fastq.gz	SCP_SI.04	SCP_SI	A03	3	Shaking	1/10	10000000	449999999.999999	0.38828332583333336	8.13	3.14
SCP_SI_04_A04	SCP_SI.04.A04	656_SCP_SI_04_A04_10488880_253GGLLT4_L1_R1.fastq.gz	656_SCP_SI_04_A04_10488880_253GGLLT4_L1_R2.fastq.gz	SCP_SI.04	SCP_SI	A04	3	Shaking	1/10	10000000	600000000	0.38838334283333337	11.44	6.87
SCP_SI_04_A09	SCP_SI.04.A09	657_SCP_SI_04_A09_10488880_253GGLLT4_L1_R1.fastq.gz	657_SCP_SI_04_A09_10488880_253GGLLT4_L1_R2.fastq.gz	SCP_SI.04	SCP_SI	A09	3	Shaking	1/10	100000	300000000	0.36708332483333334	22.19	10.43
SCP_SI_04_A10	SCP_SI.04.A10	658_SCP_SI_04_A10_10488880_253GGLLT4_L1_R1.fastq.gz	658_SCP_SI_04_A10_10488880_253GGLLT4_L1_R2.fastq.gz	SCP_SI.04	SCP_SI	A10	3	Shaking	1/10	100000	399999999.999999	0.37508334083333333	14.95	4.19
SCP_SI_04_A11	SCP_SI.04.A11	659_SCP_SI_04_A11_10488880_253GGLLT4_L1_R1.fastq.gz	659_SCP_SI_04_A11_10488880_253GGLLT4_L1_R2.fastq.gz	SCP_SI.04	SCP_SI	A11	3	Shaking	1/10	100000	550000000	0.38018332283333334	13.44	5.44
SCP_SI_04_A12	SCP_SI.04.A12	660_SCP_SI_04_A12_10488880_253GGLLT4_L1_R1.fastq.gz	660_SCP_SI_04_A12_10488880_253GGLLT4_L1_R2.fastq.gz	SCP_SI.04	SCP_SI	A12	3	Shaking	1/10	100000	749999999.999999	0.39948333683333337	12.5	6.5
SCP_SI_04_B05	SCP_SI.04.B05	661_SCP_SI_04_B05_10488880_253GGLLT4_L1_R1.fastq.gz	661_SCP_SI_04_B05_10488880_253GGLLT4_L1_R2.fastq.gz	SCP_SI.04	SCP_SI	B05	3	Shaking	1/10	1000000	300000000	0.3618833258333333	9.37	8.52
SCP_SI_04_B06	SCP_SI.04.B06	662_SCP_SI_04_B06_10488880_253GGLLT4_L1_R1.fastq.gz	662_SCP_SI_04_B06_10488880_253GGLLT4_L1_R2.fastq.gz	SCP_SI.04	SCP_SI	B06	3	Shaking	1/10	1000000	650000000	0.36548332783333337	6.71	8
SCP_SI_04_B07	SCP_SI.04.B07	663_SCP_SI_04_B07_10488880_253GGLLT4_L1_R1.fastq.gz	663_SCP_SI_04_B07_10488880_253GGLLT4_L1_R2.fastq.gz	SCP_SI.04	SCP_SI	B07	3	Shaking	1/10	1000000	350000000	0.38358332083333335	8.41	6.55
SCP_SI_04_B08	SCP_SI.04.B08	664_SCP_SI_04_B08_10488880_253GGLLT4_L1_R1.fastq.gz	664_SCP_SI_04_B08_10488880_253GGLLT4_L1_R2.fastq.gz	SCP_SI.04	SCP_SI	B08	3	Shaking	1/10	1000000	399999999.999999	0.38268332083333334	12.28	7.22
SCP_SI_04_C01	SCP_SI.04.C01	665_SCP_SI_04_C01_10488880_253GGLLT4_L1_R1.fastq.gz	665_SCP_SI_04_C01_10488880_253GGLLT4_L1_R2.fastq.gz	SCP_SI.04	SCP_SI	C01	3	Shaking	1/20	10000000	350000000	0.39458332883333336	11.52	5.49
SCP_SI_04_C02	SCP_SI.04.C02	666_SCP_SI_04_C02_10488880_253GGLLT4_L1_R1.fastq.gz	666_SCP_SI_04_C02_10488880_253GGLLT4_L1_R2.fastq.gz	SCP_SI.04	SCP_SI	C02	3	Shaking	1/20	10000000	350000000	0.39748333283333337	11.1	6.71
SCP_SI_04_C03	SCP_SI.04.C03	667_SCP_SI_04_C03_10488880_253GGLLT4_L1_R1.fastq.gz	667_SCP_SI_04_C03_10488880_253GGLLT4_L1_R2.fastq.gz	SCP_SI.04	SCP_SI	C03	3	Shaking	1/20	10000000	300000000	0.38378332483333333	18.14	5.48
SCP_SI_04_C04	SCP_SI.04.C04	668_SCP_SI_04_C04_10488880_253GGLLT4_L1_R1.fastq.gz	668_SCP_SI_04_C04_10488880_253GGLLT4_L1_R2.fastq.gz	SCP_SI.04	SCP_SI	C04	3	Shaking	1/20	10000000	399999999.999999	0.38368333783333336	11.4	6.21
SCP_SI_04_C09	SCP_SI.04.C09	669_SCP_SI_04_C09_10488880_253GGLLT4_L1_R1.fastq.gz	669_SCP_SI_04_C09_10488880_253GGLLT4_L1_R2.fastq.gz	SCP_SI.04	SCP_SI	C09	3	Shaking	1/20	100000	700000000	0.36658333183333336	24.87	8.87
SCP_SI_04_C10	SCP_SI.04.C10	670_SCP_SI_04_C10_10488880_253GGLLT4_L1_R1.fastq.gz	670_SCP_SI_04_C10_10488880_253GGLLT4_L1_R2.fastq.gz	SCP_SI.04	SCP_SI	C10	3	Shaking	1/20	100000	350000000	0.38178332083333333	11.25	3.7
SCP_SI_04_C11	SCP_SI.04.C11	671_SCP_SI_04_C11_10488880_253GGLLT4_L1_R1.fastq.gz	671_SCP_SI_04_C11_10488880_253GGLLT4_L1_R2.fastq.gz	SCP_SI.04	SCP_SI	C11	3	Shaking	1/20	100000	350000000	0.38268332083333334	10.88	6.52
SCP_SI_04_C12	SCP_SI.04.C12	672_SCP_SI_04_C12_10488880_253GGLLT4_L1_R1.fastq.gz	672_SCP_SI_04_C12_10488880_253GGLLT4_L1_R2.fastq.gz	SCP_SI.04	SCP_SI	C12	3	Shaking	1/20	100000	499999999.999999	0.40438334583333335	9.37	5.84
SCP_SI_04_D05	SCP_SI.04.D05	673_SCP_SI_04_D05_10488880_253GGLLT4_L1_R1.fastq.gz	673_SCP_SI_04_D05_10488880_253GGLLT4_L1_R2.fastq.gz	SCP_SI.04	SCP_SI	D05	3	Shaking	1/20	1000000	600000000	0.3739833378333333	24.34	9.85
SCP_SI_04_D06	SCP_SI.04.D06	674_SCP_SI_04_D06_10488880_253GGLLT4_L1_R1.fastq.gz	674_SCP_SI_04_D06_10488880_253GGLLT4_L1_R2.fastq.gz	SCP_SI.04	SCP_SI	D06	3	Shaking	1/20	1000000	399999999.999999	0.33378334283333333	6.42	6.31
SCP_SI_04_D07	SCP_SI.04.D07	675_SCP_SI_04_D07_10488880_253GGLLT4_L1_R1.fastq.gz	675_SCP_SI_04_D07_10488880_253GGLLT4_L1_R2.fastq.gz	SCP_SI.04	SCP_SI	D07	3	Shaking	1/20	1000000	499999999.999999	0.38938332983333335	23.6	8.43
SCP_SI_04_D08	SCP_SI.04.D08	676_SCP_SI_04_D08_10488880_253GGLLT4_L1_R1.fastq.gz	676_SCP_SI_04_D08_10488880_253GGLLT4_L1_R2.fastq.gz	SCP_SI.04	SCP_SI	D08	3	Shaking	1/20	1000000	350000000	0.34648333383333335	24.84	7.33
SCP_SI_04_E01	SCP_SI.04.E01	677_SCP_SI_04_E01_10488880_253GGLLT4_L1_R1.fastq.gz	677_SCP_SI_04_E01_10488880_253GGLLT4_L1_R2.fastq.gz	SCP_SI.04	SCP_SI	E01	3	Shaking	1/50	10000000	350000000	0.4355833068333333	9.4	5.04
SCP_SI_04_E02	SCP_SI.04.E02	678_SCP_SI_04_E02_10488880_253GGLLT4_L1_R1.fastq.gz	678_SCP_SI_04_E02_10488880_253GGLLT4_L1_R2.fastq.gz	SCP_SI.04	SCP_SI	E02	3	Shaking	1/50	10000000	749999999.999999	0.4337833068333334	12.05	5.3
SCP_SI_04_E03	SCP_SI.04.E03	679_SCP_SI_04_E03_10488880_253GGLLT4_L1_R1.fastq.gz	679_SCP_SI_04_E03_10488880_253GGLLT4_L1_R2.fastq.gz	SCP_SI.04	SCP_SI	E03	3	Shaking	1/50	10000000	499999999.999999	0.41688330383333333	10.11	5.84
SCP_SI_04_E04	SCP_SI.04.E04	680_SCP_SI_04_E04_10488880_253GGLLT4_L1_R1.fastq.gz	680_SCP_SI_04_E04_10488880_253GGLLT4_L1_R2.fastq.gz	SCP_SI.04	SCP_SI	E04	3	Shaking	1/50	10000000	300000000	0.41348333583333335	6.39	6.45
SCP_SI_04_E09	SCP_SI.04.E09	681_SCP_SI_04_E09_10488880_253GGLLT4_L1_R1.fastq.gz	681_SCP_SI_04_E09_10488880_253GGLLT4_L1_R2.fastq.gz	SCP_SI.04	SCP_SI	E09	3	Shaking	1/50	100000	399999999.999999	0.4162833228333333	15.26	7.87
SCP_SI_04_E10	SCP_SI.04.E10	682_SCP_SI_04_E10_10488880_253GGLLT4_L1_R1.fastq.gz	682_SCP_SI_04_E10_10488880_253GGLLT4_L1_R2.fastq.gz	SCP_SI.04	SCP_SI	E10	3	Shaking	1/50	100000	499999999.999999	0.4108833208333334	11.76	4.21
SCP_SI_04_E11	SCP_SI.04.E11	683_SCP_SI_04_E11_10488880_253GGLLT4_L1_R1.fastq.gz	683_SCP_SI_04_E11_10488880_253GGLLT4_L1_R2.fastq.gz	SCP_SI.04	SCP_SI	E11	3	Shaking	1/50	100000	550000000	0.42868335483333336	12.34	5.68
SCP_SI_04_E12	SCP_SI.04.E12	684_SCP_SI_04_E12_10488880_253GGLLT4_L1_R1.fastq.gz	684_SCP_SI_04_E12_10488880_253GGLLT4_L1_R2.fastq.gz	SCP_SI.04	SCP_SI	E12	3	Shaking	1/50	100000	550000000	0.45178331283333334	4.28	4.61
SCP_SI_04_F05	SCP_SI.04.F05	685_SCP_SI_04_F05_10488880_253GGLLT4_L1_R1.fastq.gz	685_SCP_SI_04_F05_10488880_253GGLLT4_L1_R2.fastq.gz	SCP_SI.04	SCP_SI	F05	3	Shaking	1/50	1000000	550000000	0.38588334483333336	18.15	8.82
SCP_SI_04_F06	SCP_SI.04.F06	686_SCP_SI_04_F06_10488880_253GGLLT4_L1_R1.fastq.gz	686_SCP_SI_04_F06_10488880_253GGLLT4_L1_R2.fastq.gz	SCP_SI.04	SCP_SI	F06	3	Shaking	1/50	1000000	550000000	0.33658332983333333	12.48	7.11
SCP_SI_04_F07	SCP_SI.04.F07	687_SCP_SI_04_F07_10488880_253GGLLT4_L1_R1.fastq.gz	687_SCP_SI_04_F07_10488880_253GGLLT4_L1_R2.fastq.gz	SCP_SI.04	SCP_SI	F07	3	Shaking	1/50	1000000	399999999.999999	0.42628331383333334	19.69	8.09
SCP_SI_04_F08	SCP_SI.04.F08	688_SCP_SI_04_F08_10488880_253GGLLT4_L1_R1.fastq.gz	688_SCP_SI_04_F08_10488880_253GGLLT4_L1_R2.fastq.gz	SCP_SI.04	SCP_SI	F08	3	Shaking	1/50	1000000	449999999.999999	0.40308333783333333	15.53	7.84
SCP_SI_04_G01	SCP_SI.04.G01	689_SCP_SI_04_G01_10488880_253GGLLT4_L1_R1.fastq.gz	689_SCP_SI_04_G01_10488880_253GGLLT4_L1_R2.fastq.gz	SCP_SI.04	SCP_SI	G01	3	Shaking	1/100	10000000	700000000	0.46478332483333334	15.84	4.56
SCP_SI_04_G02	SCP_SI.04.G02	690_SCP_SI_04_G02_10488880_253GGLLT4_L1_R1.fastq.gz	690_SCP_SI_04_G02_10488880_253GGLLT4_L1_R2.fastq.gz	SCP_SI.04	SCP_SI	G02	3	Shaking	1/100	10000000	749999999.999999	0.45528335783333335	10.1	5.57
SCP_SI_04_G03	SCP_SI.04.G03	691_SCP_SI_04_G03_10488880_253GGLLT4_L1_R1.fastq.gz	691_SCP_SI_04_G03_10488880_253GGLLT4_L1_R2.fastq.gz	SCP_SI.04	SCP_SI	G03	3	Shaking	1/100	10000000	600000000	0.4539833208333333	12.65	6.05
SCP_SI_04_G04	SCP_SI.04.G04	692_SCP_SI_04_G04_10488880_253GGLLT4_L1_R1.fastq.gz	692_SCP_SI_04_G04_10488880_253GGLLT4_L1_R2.fastq.gz	SCP_SI.04	SCP_SI	G04	3	Shaking	1/100	10000000	550000000	0.4544833438333334	16.08	4.97
SCP_SI_04_G09	SCP_SI.04.G09	693_SCP_SI_04_G09_10488880_253GGLLT4_L1_R1.fastq.gz	693_SCP_SI_04_G09_10488880_253GGLLT4_L1_R2.fastq.gz	SCP_SI.04	SCP_SI	G09	3	Shaking	1/100	100000	399999999.999999	0.45198334683333335	24.37	9.93
SCP_SI_04_G10	SCP_SI.04.G10	694_SCP_SI_04_G10_10488880_253GGLLT4_L1_R1.fastq.gz	694_SCP_SI_04_G10_10488880_253GGLLT4_L1_R2.fastq.gz	SCP_SI.04	SCP_SI	G10	3	Shaking	1/100	100000	550000000	0.46688331583333337	27.66	3
SCP_SI_04_G11	SCP_SI.04.G11	695_SCP_SI_04_G11_10488880_253GGLLT4_L1_R1.fastq.gz	695_SCP_SI_04_G11_10488880_253GGLLT4_L1_R2.fastq.gz	SCP_SI.04	SCP_SI	G11	3	Shaking	1/100	100000	550000000	0.4595833558333334	24.53	5.57
SCP_SI_04_G12	SCP_SI.04.G12	696_SCP_SI_04_G12_10488880_253GGLLT4_L1_R1.fastq.gz	696_SCP_SI_04_G12_10488880_253GGLLT4_L1_R2.fastq.gz	SCP_SI.04	SCP_SI	G12	3	Shaking	1/100	100000	499999999.999999	0.4692833558333333	4.78	4.96
SCP_SI_04_H05	SCP_SI.04.H05	697_SCP_SI_04_H05_10488880_253GGLLT4_L1_R1.fastq.gz	697_SCP_SI_04_H05_10488880_253GGLLT4_L1_R2.fastq.gz	SCP_SI.04	SCP_SI	H05	3	Shaking	1/100	1000000	499999999.999999	0.4594833388333333	19.77	7.51
SCP_SI_04_H06	SCP_SI.04.H06	698_SCP_SI_04_H06_10488880_253GGLLT4_L1_R1.fastq.gz	698_SCP_SI_04_H06_10488880_253GGLLT4_L1_R2.fastq.gz	SCP_SI.04	SCP_SI	H06	3	Shaking	1/100	1000000	350000000	0.4515833398333334	9.99	4
SCP_SI_04_H07	SCP_SI.04.H07	699_SCP_SI_04_H07_10488880_253GGLLT4_L1_R1.fastq.gz	699_SCP_SI_04_H07_10488880_253GGLLT4_L1_R2.fastq.gz	SCP_SI.04	SCP_SI	H07	3	Shaking	1/100	1000000	399999999.999999	0.4722833178333334	20.49	6.6
SCP_SI_04_H08	SCP_SI.04.H08	700_SCP_SI_04_H08_10488880_253GGLLT4_L1_R1.fastq.gz	700_SCP_SI_04_H08_10488880_253GGLLT4_L1_R2.fastq.gz	SCP_SI.04	SCP_SI	H08	3	Shaking	1/100	1000000	399999999.999999	0.4649833578333334	10.12	6.47
